--Creacion de datos de prueba


--Ciudad
insert into ciudad (id, nombre) values (1, 'Kokotów');
insert into ciudad (id, nombre) values (2, 'Moquegua');
insert into ciudad (id, nombre) values (3, 'Taunoa');
insert into ciudad (id, nombre) values (4, 'Krajan Kidul Rojopolo');
insert into ciudad (id, nombre) values (5, 'Maogang');
insert into ciudad (id, nombre) values (6, 'Wanareja');
insert into ciudad (id, nombre) values (7, 'Pombos');
insert into ciudad (id, nombre) values (8, 'Huzhen');
insert into ciudad (id, nombre) values (9, 'Lyeskawka');
insert into ciudad (id, nombre) values (10, 'Dazhongzhuang');
insert into ciudad (id, nombre) values (11, 'Llauta');
insert into ciudad (id, nombre) values (12, 'Lawesigalagala Timur');
insert into ciudad (id, nombre) values (13, 'Deskle');
insert into ciudad (id, nombre) values (14, 'Örebro');
insert into ciudad (id, nombre) values (15, 'Haradzishcha');
insert into ciudad (id, nombre) values (16, 'Petare');
insert into ciudad (id, nombre) values (17, 'Ganja');
insert into ciudad (id, nombre) values (18, 'Anxi');
insert into ciudad (id, nombre) values (19, 'Nam Sách');
insert into ciudad (id, nombre) values (20, 'Utara');
insert into ciudad (id, nombre) values (21, 'Pambuhan');
insert into ciudad (id, nombre) values (22, 'Huangzhuang');
insert into ciudad (id, nombre) values (23, 'Krajan');
insert into ciudad (id, nombre) values (24, 'Carvalhal');
insert into ciudad (id, nombre) values (25, 'Zhutuo');
insert into ciudad (id, nombre) values (26, 'Lüyang');
insert into ciudad (id, nombre) values (27, 'Changnyeong');
insert into ciudad (id, nombre) values (28, 'Uthal');
insert into ciudad (id, nombre) values (29, 'New Cebu');
insert into ciudad (id, nombre) values (30, 'Omaha');

--Sucursal
insert into sucursal (id, nombre, tamanho, tipomercado, ventastotales, ciudad, direccion) values (1, 'Londonderry', 1215, 'n/a', 0, 4, '6 Lindbergh Court');
insert into sucursal (id, nombre, tamanho, tipomercado, ventastotales, ciudad, direccion) values (2, 'Randy', 1895, 'Military/Government/Technical', 0, 9, '04 Gerald Avenue');
insert into sucursal (id, nombre, tamanho, tipomercado, ventastotales, ciudad, direccion) values (3, 'Linden', 238, 'Major Pharmaceuticals', 0, 10, '3 Porter Parkway');
insert into sucursal (id, nombre, tamanho, tipomercado, ventastotales, ciudad, direccion) values (4, '8th', 817, 'Hospital/Nursing Management', 0, 5, '464 Michigan Hill');
insert into sucursal (id, nombre, tamanho, tipomercado, ventastotales, ciudad, direccion) values (5, 'Prairieview', 1831, 'Life Insurance', 0, 3, '03185 Del Sol Alley');
insert into sucursal (id, nombre, tamanho, tipomercado, ventastotales, ciudad, direccion) values (6, 'Butterfield', 1875, 'Major Banks', 0, 7, '94937 Jay Street');
insert into sucursal (id, nombre, tamanho, tipomercado, ventastotales, ciudad, direccion) values (7, 'Dixon', 1536, 'Major Pharmaceuticals', 0, 4, '56 Carberry Circle');
insert into sucursal (id, nombre, tamanho, tipomercado, ventastotales, ciudad, direccion) values (8, 'Kinsman', 1338, 'Computer Software: Prepackaged Software', 0, 9, '5931 Lukken Street');
insert into sucursal (id, nombre, tamanho, tipomercado, ventastotales, ciudad, direccion) values (9, 'Dapin', 1909, 'Major Pharmaceuticals', 0, 9, '92987 Bultman Avenue');
insert into sucursal (id, nombre, tamanho, tipomercado, ventastotales, ciudad, direccion) values (10, 'Fulton', 322, 'Biotechnology: Electromedical Electrotherapeutic Apparatus', 0, 10, '469 Grayhawk Place');
insert into sucursal (id, nombre, tamanho, tipomercado, ventastotales, ciudad, direccion) values (11, 'Crownhardt', 641, 'n/a', 0, 8, '8037 Ridgeview Terrace');
insert into sucursal (id, nombre, tamanho, tipomercado, ventastotales, ciudad, direccion) values (12, 'Kim', 736, 'Major Banks', 0, 4, '3 Reindahl Road');
insert into sucursal (id, nombre, tamanho, tipomercado, ventastotales, ciudad, direccion) values (13, 'Orin', 517, 'Other Consumer Services', 0, 9, '49 Express Plaza');
insert into sucursal (id, nombre, tamanho, tipomercado, ventastotales, ciudad, direccion) values (14, 'Michigan', 1286, 'Major Banks', 0, 2, '2 Orin Place');
insert into sucursal (id, nombre, tamanho, tipomercado, ventastotales, ciudad, direccion) values (15, 'Pankratz', 742, 'Oil Refining/Marketing', 0, 8, '5 Bellgrove Junction');
insert into sucursal (id, nombre, tamanho, tipomercado, ventastotales, ciudad, direccion) values (16, 'Farmco', 1031, 'Oil Gas Production', 0, 7, '447 Crowley Place');
insert into sucursal (id, nombre, tamanho, tipomercado, ventastotales, ciudad, direccion) values (17, 'Macpherson', 1158, 'Other Consumer Services', 0, 10, '85192 Bunker Hill Junction');
insert into sucursal (id, nombre, tamanho, tipomercado, ventastotales, ciudad, direccion) values (18, 'Service', 1483, 'Industrial Machinery/Components', 0, 9, '20 Little Fleur Parkway');
insert into sucursal (id, nombre, tamanho, tipomercado, ventastotales, ciudad, direccion) values (19, 'Oneill', 531, 'Plastic Products', 0, 1, '60 Blaine Court');
insert into sucursal (id, nombre, tamanho, tipomercado, ventastotales, ciudad, direccion) values (20, 'Mesta', 627, 'EDP Services', 0, 3, '6 American Ash Plaza');


--Administrador
insert into administrador (id, cantidadrecompra, usuario, contrasenha) values (1, 0.35, 'sagittis', 'elementum');
insert into administrador (id, cantidadrecompra, usuario, contrasenha) values (2, 1.65, 'sociis', 'maecenas');
insert into administrador (id, cantidadrecompra, usuario, contrasenha) values (3, 1.05, 'vitae', 'dis');
insert into administrador (id, cantidadrecompra, usuario, contrasenha) values (4, 1.1, 'justo', 'tortor');
insert into administrador (id, cantidadrecompra, usuario, contrasenha) values (5, 0.52, 'libero', 'congue');
insert into administrador (id, cantidadrecompra, usuario, contrasenha) values (6, 0.36, 'nulla', 'justo');
insert into administrador (id, cantidadrecompra, usuario, contrasenha) values (7, 0.97, 'lectus', 'donec');
insert into administrador (id, cantidadrecompra, usuario, contrasenha) values (8, 1.98, 'quisque', 'ut');
insert into administrador (id, cantidadrecompra, usuario, contrasenha) values (9, 1.17, 'est', 'viverra');
insert into administrador (id, cantidadrecompra, usuario, contrasenha) values (10, 0.33, 'dui', 'quisque');
insert into administrador (id, cantidadrecompra, usuario, contrasenha) values (11, 0.26, 'scelerisque', 'vestibulum');
insert into administrador (id, cantidadrecompra, usuario, contrasenha) values (12, 0.08, 'leo', 'ornare');
insert into administrador (id, cantidadrecompra, usuario, contrasenha) values (13, 0.62, 'magna', 'vestibulum');
insert into administrador (id, cantidadrecompra, usuario, contrasenha) values (14, 0.27, 'dapibus', 'nulla');
insert into administrador (id, cantidadrecompra, usuario, contrasenha) values (15, 1.35, 'aenean', 'vitae');
insert into administrador (id, cantidadrecompra, usuario, contrasenha) values (16, 1.15, 'sit', 'lacinia');
insert into administrador (id, cantidadrecompra, usuario, contrasenha) values (17, 0.87, 'ipsum', 'morbi');
insert into administrador (id, cantidadrecompra, usuario, contrasenha) values (18, 1.24, 'montes', 'ornare');
insert into administrador (id, cantidadrecompra, usuario, contrasenha) values (19, 0.27, 'eget', 'nisi');
insert into administrador (id, cantidadrecompra, usuario, contrasenha) values (20, 0.26, 'cras', 'mi');

--AdministradorSucursal
insert into administradorsucursal (administrador, sucursal) values (1, 1);
insert into administradorsucursal (administrador, sucursal) values (2, 2);
insert into administradorsucursal (administrador, sucursal) values (3, 3);
insert into administradorsucursal (administrador, sucursal) values (4, 4);
insert into administradorsucursal (administrador, sucursal) values (5, 5);
insert into administradorsucursal (administrador, sucursal) values (6, 6);
insert into administradorsucursal (administrador, sucursal) values (7, 7);
insert into administradorsucursal (administrador, sucursal) values (8, 8);
insert into administradorsucursal (administrador, sucursal) values (9, 9);
insert into administradorsucursal (administrador, sucursal) values (10, 10);
insert into administradorsucursal (administrador, sucursal) values (11, 11);
insert into administradorsucursal (administrador, sucursal) values (12, 12);
insert into administradorsucursal (administrador, sucursal) values (13, 13);
insert into administradorsucursal (administrador, sucursal) values (14, 14);
insert into administradorsucursal (administrador, sucursal) values (15, 15);
insert into administradorsucursal (administrador, sucursal) values (16, 16);
insert into administradorsucursal (administrador, sucursal) values (17, 17);
insert into administradorsucursal (administrador, sucursal) values (18, 18);
insert into administradorsucursal (administrador, sucursal) values (19, 19);
insert into administradorsucursal (administrador, sucursal) values (20, 20);

--Bodega
insert into bodega (id, nombre, cantidadproductos, capacidadtotal, tipoproducto, peso, volumen, nivelreorden, sucursal) values (1, 'IRDMB', 0, 384, 'ABARROTES', 298.49, 743.33, 0.81, 2);
insert into bodega (id, nombre, cantidadproductos, capacidadtotal, tipoproducto, peso, volumen, nivelreorden, sucursal) values (2, 'NTIC', 0, 481, 'ABARROTES', 237.43, 14.47, 0.31, 1);
insert into bodega (id, nombre, cantidadproductos, capacidadtotal, tipoproducto, peso, volumen, nivelreorden, sucursal) values (3, 'EYEGW', 0, 72, 'MUEBLES', 647.77, 443.8, 0.42, 12);
insert into bodega (id, nombre, cantidadproductos, capacidadtotal, tipoproducto, peso, volumen, nivelreorden, sucursal) values (4, 'RPAI^A', 0, 484, 'MUEBLES', 886.32, 844.91, 1.85, 3);
insert into bodega (id, nombre, cantidadproductos, capacidadtotal, tipoproducto, peso, volumen, nivelreorden, sucursal) values (5, 'FEUZ', 0, 65, 'MUEBLES', 655.03, 275.04, 0.88, 12);
insert into bodega (id, nombre, cantidadproductos, capacidadtotal, tipoproducto, peso, volumen, nivelreorden, sucursal) values (6, 'CPAA', 0, 177, 'CONGELADOS', 404.59, 493.57, 1.37, 10);
insert into bodega (id, nombre, cantidadproductos, capacidadtotal, tipoproducto, peso, volumen, nivelreorden, sucursal) values (7, 'MEIP', 0, 387, 'ELECTRODOMESTICOS', 806.57, 287.48, 1.76, 14);
insert into bodega (id, nombre, cantidadproductos, capacidadtotal, tipoproducto, peso, volumen, nivelreorden, sucursal) values (8, 'NFEC', 0, 256, 'HERRAMIENTAS', 260.71, 360.37, 1.6, 14);
insert into bodega (id, nombre, cantidadproductos, capacidadtotal, tipoproducto, peso, volumen, nivelreorden, sucursal) values (9, 'GNT', 0, 130, 'HERRAMIENTAS', 718.31, 989.49, 1.15, 5);
insert into bodega (id, nombre, cantidadproductos, capacidadtotal, tipoproducto, peso, volumen, nivelreorden, sucursal) values (10, 'WIA', 0, 63, 'HERRAMIENTAS', 372.64, 581.64, 2.0, 17);
insert into bodega (id, nombre, cantidadproductos, capacidadtotal, tipoproducto, peso, volumen, nivelreorden, sucursal) values (11, 'KREF', 0, 381, 'HERRAMIENTAS', 731.6, 462.71, 1.88, 19);
insert into bodega (id, nombre, cantidadproductos, capacidadtotal, tipoproducto, peso, volumen, nivelreorden, sucursal) values (12, 'CYAD', 0, 115, 'ABARROTES', 191.43, 202.99, 1.29, 14);
insert into bodega (id, nombre, cantidadproductos, capacidadtotal, tipoproducto, peso, volumen, nivelreorden, sucursal) values (13, 'GILD', 0, 443, 'ELECTRODOMESTICOS', 446.51, 948.08, 0.82, 11);
insert into bodega (id, nombre, cantidadproductos, capacidadtotal, tipoproducto, peso, volumen, nivelreorden, sucursal) values (14, 'CAJ', 0, 473, 'CONGELADOS', 557.18, 154.58, 1.79, 1);
insert into bodega (id, nombre, cantidadproductos, capacidadtotal, tipoproducto, peso, volumen, nivelreorden, sucursal) values (15, 'WD', 0, 274, 'CONGELADOS', 750.75, 624.59, 1.53, 11);
insert into bodega (id, nombre, cantidadproductos, capacidadtotal, tipoproducto, peso, volumen, nivelreorden, sucursal) values (16, 'OREX', 0, 338, 'MUEBLES', 483.71, 148.87, 1.96, 6);
insert into bodega (id, nombre, cantidadproductos, capacidadtotal, tipoproducto, peso, volumen, nivelreorden, sucursal) values (17, 'SNSR', 0, 219, 'ELECTRODOMESTICOS', 530.92, 40.47, 1.52, 1);
insert into bodega (id, nombre, cantidadproductos, capacidadtotal, tipoproducto, peso, volumen, nivelreorden, sucursal) values (18, 'FIS', 0, 490, 'ELECTRODOMESTICOS', 491.4, 600.18, 1.32, 11);
insert into bodega (id, nombre, cantidadproductos, capacidadtotal, tipoproducto, peso, volumen, nivelreorden, sucursal) values (19, 'C^P', 0, 499, 'CONGELADOS', 222.47, 110.58, 1.84, 6);
insert into bodega (id, nombre, cantidadproductos, capacidadtotal, tipoproducto, peso, volumen, nivelreorden, sucursal) values (20, 'CARA', 0, 154, 'PRENDASDEVESTIR', 565.9, 322.76, 1.85, 20);
insert into bodega (id, nombre, cantidadproductos, capacidadtotal, tipoproducto, peso, volumen, nivelreorden, sucursal) values (21, 'GIGM', 0, 265, 'PRENDASDEVESTIR', 325.09, 775.9, 1.99, 5);
insert into bodega (id, nombre, cantidadproductos, capacidadtotal, tipoproducto, peso, volumen, nivelreorden, sucursal) values (22, 'CUBI^D', 0, 293, 'MUEBLES', 597.58, 423.69, 0.15, 10);
insert into bodega (id, nombre, cantidadproductos, capacidadtotal, tipoproducto, peso, volumen, nivelreorden, sucursal) values (23, 'PLOW', 0, 143, 'PRENDASDEVESTIR', 405.98, 120.51, 1.21, 15);
insert into bodega (id, nombre, cantidadproductos, capacidadtotal, tipoproducto, peso, volumen, nivelreorden, sucursal) values (24, 'JCOM', 0, 53, 'ELECTRODOMESTICOS', 375.73, 411.86, 0.59, 19);
insert into bodega (id, nombre, cantidadproductos, capacidadtotal, tipoproducto, peso, volumen, nivelreorden, sucursal) values (25, 'FMK', 0, 417, 'MUEBLES', 750.05, 46.35, 1.21, 8);
insert into bodega (id, nombre, cantidadproductos, capacidadtotal, tipoproducto, peso, volumen, nivelreorden, sucursal) values (26, 'LEE', 0, 385, 'PRENDASDEVESTIR', 826.57, 933.97, 1.68, 5);
insert into bodega (id, nombre, cantidadproductos, capacidadtotal, tipoproducto, peso, volumen, nivelreorden, sucursal) values (27, 'EVGBC', 0, 114, 'ELECTRODOMESTICOS', 648.67, 516.13, 1.65, 9);
insert into bodega (id, nombre, cantidadproductos, capacidadtotal, tipoproducto, peso, volumen, nivelreorden, sucursal) values (28, 'IGOV', 0, 443, 'ABARROTES', 245.52, 401.14, 0.97, 7);
insert into bodega (id, nombre, cantidadproductos, capacidadtotal, tipoproducto, peso, volumen, nivelreorden, sucursal) values (29, 'WTFC', 0, 418, 'ELECTRODOMESTICOS', 935.27, 447.66, 1.75, 4);
insert into bodega (id, nombre, cantidadproductos, capacidadtotal, tipoproducto, peso, volumen, nivelreorden, sucursal) values (30, 'MMSI', 0, 475, 'HERRAMIENTAS', 112.62, 454.3, 1.16, 5);
insert into bodega (id, nombre, cantidadproductos, capacidadtotal, tipoproducto, peso, volumen, nivelreorden, sucursal) values (31, 'USDP', 0, 165, 'MUEBLES', 184.85, 579.91, 1.86, 14);
insert into bodega (id, nombre, cantidadproductos, capacidadtotal, tipoproducto, peso, volumen, nivelreorden, sucursal) values (32, 'SRUN', 0, 336, 'HERRAMIENTAS', 416.52, 909.42, 0.17, 2);
insert into bodega (id, nombre, cantidadproductos, capacidadtotal, tipoproducto, peso, volumen, nivelreorden, sucursal) values (33, 'AIR', 0, 435, 'CONGELADOS', 707.02, 750.18, 1.8, 6);
insert into bodega (id, nombre, cantidadproductos, capacidadtotal, tipoproducto, peso, volumen, nivelreorden, sucursal) values (34, 'IVTY', 0, 180, 'ABARROTES', 430.46, 887.1, 1.08, 12);
insert into bodega (id, nombre, cantidadproductos, capacidadtotal, tipoproducto, peso, volumen, nivelreorden, sucursal) values (35, 'EXA', 0, 425, 'ASEO', 368.08, 950.5, 1.05, 12);
insert into bodega (id, nombre, cantidadproductos, capacidadtotal, tipoproducto, peso, volumen, nivelreorden, sucursal) values (36, 'KIRK', 0, 375, 'HERRAMIENTAS', 24.67, 775.77, 0.55, 19);
insert into bodega (id, nombre, cantidadproductos, capacidadtotal, tipoproducto, peso, volumen, nivelreorden, sucursal) values (37, 'EAE', 0, 379, 'ABARROTES', 112.92, 603.99, 0.81, 14);
insert into bodega (id, nombre, cantidadproductos, capacidadtotal, tipoproducto, peso, volumen, nivelreorden, sucursal) values (38, 'RNWK', 0, 301, 'ABARROTES', 352.02, 695.72, 0.46, 12);
insert into bodega (id, nombre, cantidadproductos, capacidadtotal, tipoproducto, peso, volumen, nivelreorden, sucursal) values (39, 'SPAR', 0, 293, 'MUEBLES', 371.78, 75.66, 1.2, 16);
insert into bodega (id, nombre, cantidadproductos, capacidadtotal, tipoproducto, peso, volumen, nivelreorden, sucursal) values (40, 'ANDAU', 0, 450, 'HERRAMIENTAS', 88.99, 367.12, 0.29, 10);
insert into bodega (id, nombre, cantidadproductos, capacidadtotal, tipoproducto, peso, volumen, nivelreorden, sucursal) values (41, 'EVTC', 0, 372, 'HERRAMIENTAS', 102.33, 726.95, 1.18, 3);
insert into bodega (id, nombre, cantidadproductos, capacidadtotal, tipoproducto, peso, volumen, nivelreorden, sucursal) values (42, 'CYD', 0, 75, 'ELECTRODOMESTICOS', 428.37, 981.32, 0.18, 1);
insert into bodega (id, nombre, cantidadproductos, capacidadtotal, tipoproducto, peso, volumen, nivelreorden, sucursal) values (43, 'GKOS', 0, 286, 'MUEBLES', 390.95, 69.63, 1.44, 5);
insert into bodega (id, nombre, cantidadproductos, capacidadtotal, tipoproducto, peso, volumen, nivelreorden, sucursal) values (44, 'BAP', 0, 179, 'PRENDASDEVESTIR', 709.76, 855.86, 0.11, 7);
insert into bodega (id, nombre, cantidadproductos, capacidadtotal, tipoproducto, peso, volumen, nivelreorden, sucursal) values (45, 'FIBK', 0, 205, 'HERRAMIENTAS', 775.92, 445.5, 0.18, 11);
insert into bodega (id, nombre, cantidadproductos, capacidadtotal, tipoproducto, peso, volumen, nivelreorden, sucursal) values (46, 'FFIV', 0, 478, 'ABARROTES', 526.11, 717.02, 0.72, 14);
insert into bodega (id, nombre, cantidadproductos, capacidadtotal, tipoproducto, peso, volumen, nivelreorden, sucursal) values (47, 'MYE', 0, 121, 'ABARROTES', 673.71, 581.85, 0.81, 2);
insert into bodega (id, nombre, cantidadproductos, capacidadtotal, tipoproducto, peso, volumen, nivelreorden, sucursal) values (48, 'CBAN', 0, 317, 'PRENDASDEVESTIR', 545.21, 386.87, 1.18, 14);
insert into bodega (id, nombre, cantidadproductos, capacidadtotal, tipoproducto, peso, volumen, nivelreorden, sucursal) values (49, 'TBI', 0, 455, 'ELECTRODOMESTICOS', 244.44, 279.33, 1.52, 13);
insert into bodega (id, nombre, cantidadproductos, capacidadtotal, tipoproducto, peso, volumen, nivelreorden, sucursal) values (50, 'HZNP', 0, 490, 'HERRAMIENTAS', 957.97, 362.51, 0.46, 20);
insert into bodega (id, nombre, cantidadproductos, capacidadtotal, tipoproducto, peso, volumen, nivelreorden, sucursal) values (51, 'DS^C', 0, 472, 'ASEO', 204.91, 438.87, 1.7, 15);
insert into bodega (id, nombre, cantidadproductos, capacidadtotal, tipoproducto, peso, volumen, nivelreorden, sucursal) values (52, 'AWH', 0, 454, 'CONGELADOS', 539.7, 965.35, 0.34, 2);
insert into bodega (id, nombre, cantidadproductos, capacidadtotal, tipoproducto, peso, volumen, nivelreorden, sucursal) values (53, 'HTLD', 0, 247, 'HERRAMIENTAS', 512.28, 435.02, 0.9, 6);
insert into bodega (id, nombre, cantidadproductos, capacidadtotal, tipoproducto, peso, volumen, nivelreorden, sucursal) values (54, 'SCAC', 0, 212, 'HERRAMIENTAS', 596.76, 539.28, 1.51, 6);
insert into bodega (id, nombre, cantidadproductos, capacidadtotal, tipoproducto, peso, volumen, nivelreorden, sucursal) values (55, 'PPR', 0, 384, 'CONGELADOS', 497.93, 224.49, 0.9, 17);
insert into bodega (id, nombre, cantidadproductos, capacidadtotal, tipoproducto, peso, volumen, nivelreorden, sucursal) values (56, 'CLNE', 0, 296, 'CONGELADOS', 922.36, 163.88, 0.31, 8);
insert into bodega (id, nombre, cantidadproductos, capacidadtotal, tipoproducto, peso, volumen, nivelreorden, sucursal) values (57, 'PTCT', 0, 93, 'HERRAMIENTAS', 794.05, 978.8, 1.59, 4);
insert into bodega (id, nombre, cantidadproductos, capacidadtotal, tipoproducto, peso, volumen, nivelreorden, sucursal) values (58, 'UVV', 0, 343, 'HERRAMIENTAS', 147.01, 684.91, 0.65, 12);
insert into bodega (id, nombre, cantidadproductos, capacidadtotal, tipoproducto, peso, volumen, nivelreorden, sucursal) values (59, 'AAXN', 0, 235, 'PRENDASDEVESTIR', 13.91, 803.06, 0.8, 13);
insert into bodega (id, nombre, cantidadproductos, capacidadtotal, tipoproducto, peso, volumen, nivelreorden, sucursal) values (60, 'INSW', 0, 405, 'HERRAMIENTAS', 160.37, 677.0, 1.24, 11);


--Estante
insert into estante (id, nombre, cantidadproductos, capacidadtotal, tipoproducto, peso, volumen, nivelreorden, nivelabastecimiento, sucursal) values (1, 'Sports', 0, 162, 'ELECTRODOMESTICOS', 53.07, 496.54, 1.99, 1.04, 8);
insert into estante (id, nombre, cantidadproductos, capacidadtotal, tipoproducto, peso, volumen, nivelreorden, nivelabastecimiento, sucursal) values (2, 'Shoes', 0, 251, 'ABARROTES', 503.29, 657.97, 1.98, 1.07, 10);
insert into estante (id, nombre, cantidadproductos, capacidadtotal, tipoproducto, peso, volumen, nivelreorden, nivelabastecimiento, sucursal) values (3, 'Tools', 0, 450, 'ELECTRODOMESTICOS', 830.06, 549.06, 1.97, 1.23, 18);
insert into estante (id, nombre, cantidadproductos, capacidadtotal, tipoproducto, peso, volumen, nivelreorden, nivelabastecimiento, sucursal) values (4, 'Clothing', 0, 430, 'ELECTRODOMESTICOS', 737.42, 841.18, 1.92, 1.3, 6);
insert into estante (id, nombre, cantidadproductos, capacidadtotal, tipoproducto, peso, volumen, nivelreorden, nivelabastecimiento, sucursal) values (5, 'Electronics', 0, 101, 'ABARROTES', 901.85, 296.2, 0.25, 1.7, 7);
insert into estante (id, nombre, cantidadproductos, capacidadtotal, tipoproducto, peso, volumen, nivelreorden, nivelabastecimiento, sucursal) values (6, 'Clothing', 0, 145, 'ABARROTES', 25.88, 377.66, 1.63, 1.71, 17);
insert into estante (id, nombre, cantidadproductos, capacidadtotal, tipoproducto, peso, volumen, nivelreorden, nivelabastecimiento, sucursal) values (7, 'Industrial', 0, 298, 'CONGELADOS', 170.1, 737.59, 1.75, 1.3, 5);
insert into estante (id, nombre, cantidadproductos, capacidadtotal, tipoproducto, peso, volumen, nivelreorden, nivelabastecimiento, sucursal) values (8, 'Tools', 0, 179, 'HERRAMIENTAS', 942.72, 767.06, 0.76, 1.78, 6);
insert into estante (id, nombre, cantidadproductos, capacidadtotal, tipoproducto, peso, volumen, nivelreorden, nivelabastecimiento, sucursal) values (9, 'Clothing', 0, 431, 'PRENDASDEVESTIR', 742.73, 924.85, 0.6, 1.54, 12);
insert into estante (id, nombre, cantidadproductos, capacidadtotal, tipoproducto, peso, volumen, nivelreorden, nivelabastecimiento, sucursal) values (10, 'Health', 0, 403, 'ASEO', 798.6, 571.48, 1.33, 1.51, 7);
insert into estante (id, nombre, cantidadproductos, capacidadtotal, tipoproducto, peso, volumen, nivelreorden, nivelabastecimiento, sucursal) values (11, 'Jewelery', 0, 315, 'MUEBLES', 714.05, 82.59, 1.68, 1.49, 11);
insert into estante (id, nombre, cantidadproductos, capacidadtotal, tipoproducto, peso, volumen, nivelreorden, nivelabastecimiento, sucursal) values (12, 'Kids', 0, 203, 'MUEBLES', 794.36, 105.3, 0.17, 1.18, 9);
insert into estante (id, nombre, cantidadproductos, capacidadtotal, tipoproducto, peso, volumen, nivelreorden, nivelabastecimiento, sucursal) values (13, 'Movies', 0, 204, 'ELECTRODOMESTICOS', 188.8, 561.35, 0.37, 1.94, 10);
insert into estante (id, nombre, cantidadproductos, capacidadtotal, tipoproducto, peso, volumen, nivelreorden, nivelabastecimiento, sucursal) values (14, 'Health', 0, 177, 'MUEBLES', 739.46, 612.09, 0.2, 1.14, 19);
insert into estante (id, nombre, cantidadproductos, capacidadtotal, tipoproducto, peso, volumen, nivelreorden, nivelabastecimiento, sucursal) values (15, 'Beauty', 0, 332, 'ASEO', 437.12, 465.32, 1.45, 1.36, 12);
insert into estante (id, nombre, cantidadproductos, capacidadtotal, tipoproducto, peso, volumen, nivelreorden, nivelabastecimiento, sucursal) values (16, 'Automotive', 0, 122, 'MUEBLES', 566.1, 420.28, 1.37, 1.23, 13);
insert into estante (id, nombre, cantidadproductos, capacidadtotal, tipoproducto, peso, volumen, nivelreorden, nivelabastecimiento, sucursal) values (17, 'Movies', 0, 312, 'HERRAMIENTAS', 456.02, 755.73, 1.04, 1.84, 12);
insert into estante (id, nombre, cantidadproductos, capacidadtotal, tipoproducto, peso, volumen, nivelreorden, nivelabastecimiento, sucursal) values (18, 'Clothing', 0, 133, 'ABARROTES', 637.43, 18.59, 1.14, 1.19, 19);
insert into estante (id, nombre, cantidadproductos, capacidadtotal, tipoproducto, peso, volumen, nivelreorden, nivelabastecimiento, sucursal) values (19, 'Jewelery', 0, 402, 'ASEO', 921.19, 967.42, 0.32, 1.67, 14);
insert into estante (id, nombre, cantidadproductos, capacidadtotal, tipoproducto, peso, volumen, nivelreorden, nivelabastecimiento, sucursal) values (20, 'Automotive', 0, 325, 'ELECTRODOMESTICOS', 819.38, 855.74, 0.62, 1.74, 13);
insert into estante (id, nombre, cantidadproductos, capacidadtotal, tipoproducto, peso, volumen, nivelreorden, nivelabastecimiento, sucursal) values (21, 'Clothing', 0, 76, 'HERRAMIENTAS', 522.2, 771.64, 1.26, 1.56, 8);
insert into estante (id, nombre, cantidadproductos, capacidadtotal, tipoproducto, peso, volumen, nivelreorden, nivelabastecimiento, sucursal) values (22, 'Baby', 0, 208, 'HERRAMIENTAS', 780.32, 536.97, 1.23, 1.78, 9);
insert into estante (id, nombre, cantidadproductos, capacidadtotal, tipoproducto, peso, volumen, nivelreorden, nivelabastecimiento, sucursal) values (23, 'Industrial', 0, 495, 'MUEBLES', 698.68, 481.39, 0.76, 1.36, 11);
insert into estante (id, nombre, cantidadproductos, capacidadtotal, tipoproducto, peso, volumen, nivelreorden, nivelabastecimiento, sucursal) values (24, 'Books', 0, 80, 'ABARROTES', 264.79, 451.08, 1.65, 1.48, 17);
insert into estante (id, nombre, cantidadproductos, capacidadtotal, tipoproducto, peso, volumen, nivelreorden, nivelabastecimiento, sucursal) values (25, 'Garden', 0, 277, 'HERRAMIENTAS', 955.61, 95.38, 1.44, 1.19, 12);
insert into estante (id, nombre, cantidadproductos, capacidadtotal, tipoproducto, peso, volumen, nivelreorden, nivelabastecimiento, sucursal) values (26, 'Health', 0, 196, 'ABARROTES', 961.28, 22.23, 1.92, 1.16, 5);
insert into estante (id, nombre, cantidadproductos, capacidadtotal, tipoproducto, peso, volumen, nivelreorden, nivelabastecimiento, sucursal) values (27, 'Movies', 0, 335, 'ABARROTES', 683.36, 124.81, 1.57, 1.56, 7);
insert into estante (id, nombre, cantidadproductos, capacidadtotal, tipoproducto, peso, volumen, nivelreorden, nivelabastecimiento, sucursal) values (28, 'Automotive', 0, 467, 'MUEBLES', 709.63, 508.83, 0.18, 1.82, 18);
insert into estante (id, nombre, cantidadproductos, capacidadtotal, tipoproducto, peso, volumen, nivelreorden, nivelabastecimiento, sucursal) values (29, 'Games', 0, 497, 'ABARROTES', 598.46, 690.25, 0.36, 1.03, 3);
insert into estante (id, nombre, cantidadproductos, capacidadtotal, tipoproducto, peso, volumen, nivelreorden, nivelabastecimiento, sucursal) values (30, 'Books', 0, 226, 'PRENDASDEVESTIR', 534.97, 575.09, 1.5, 1.43, 15);
insert into estante (id, nombre, cantidadproductos, capacidadtotal, tipoproducto, peso, volumen, nivelreorden, nivelabastecimiento, sucursal) values (31, 'Baby', 0, 340, 'ABARROTES', 772.93, 868.78, 1.86, 1.43, 2);
insert into estante (id, nombre, cantidadproductos, capacidadtotal, tipoproducto, peso, volumen, nivelreorden, nivelabastecimiento, sucursal) values (32, 'Automotive', 0, 56, 'HERRAMIENTAS', 387.79, 82.27, 1.13, 1.49, 6);
insert into estante (id, nombre, cantidadproductos, capacidadtotal, tipoproducto, peso, volumen, nivelreorden, nivelabastecimiento, sucursal) values (33, 'Grocery', 0, 131, 'HERRAMIENTAS', 799.49, 926.94, 1.02, 1.77, 3);
insert into estante (id, nombre, cantidadproductos, capacidadtotal, tipoproducto, peso, volumen, nivelreorden, nivelabastecimiento, sucursal) values (34, 'Music', 0, 138, 'ASEO', 250.43, 984.79, 1.49, 1.79, 10);
insert into estante (id, nombre, cantidadproductos, capacidadtotal, tipoproducto, peso, volumen, nivelreorden, nivelabastecimiento, sucursal) values (35, 'Games', 0, 57, 'ABARROTES', 110.19, 342.38, 1.97, 1.2, 3);
insert into estante (id, nombre, cantidadproductos, capacidadtotal, tipoproducto, peso, volumen, nivelreorden, nivelabastecimiento, sucursal) values (36, 'Industrial', 0, 415, 'ASEO', 906.06, 497.55, 0.68, 1.13, 10);
insert into estante (id, nombre, cantidadproductos, capacidadtotal, tipoproducto, peso, volumen, nivelreorden, nivelabastecimiento, sucursal) values (37, 'Computers', 0, 119, 'ABARROTES', 833.7, 434.81, 1.53, 1.66, 17);
insert into estante (id, nombre, cantidadproductos, capacidadtotal, tipoproducto, peso, volumen, nivelreorden, nivelabastecimiento, sucursal) values (38, 'Music', 0, 198, 'ABARROTES', 458.06, 824.03, 0.8, 1.82, 10);
insert into estante (id, nombre, cantidadproductos, capacidadtotal, tipoproducto, peso, volumen, nivelreorden, nivelabastecimiento, sucursal) values (39, 'Books', 0, 179, 'MUEBLES', 18.3, 502.94, 0.83, 1.67, 5);
insert into estante (id, nombre, cantidadproductos, capacidadtotal, tipoproducto, peso, volumen, nivelreorden, nivelabastecimiento, sucursal) values (40, 'Health', 0, 234, 'ABARROTES', 669.27, 667.92, 1.93, 1.52, 19);
insert into estante (id, nombre, cantidadproductos, capacidadtotal, tipoproducto, peso, volumen, nivelreorden, nivelabastecimiento, sucursal) values (41, 'Jewelery', 0, 380, 'HERRAMIENTAS', 899.18, 490.18, 0.29, 1.2, 19);
insert into estante (id, nombre, cantidadproductos, capacidadtotal, tipoproducto, peso, volumen, nivelreorden, nivelabastecimiento, sucursal) values (42, 'Games', 0, 103, 'PRENDASDEVESTIR', 703.44, 815.99, 1.32, 1.41, 8);
insert into estante (id, nombre, cantidadproductos, capacidadtotal, tipoproducto, peso, volumen, nivelreorden, nivelabastecimiento, sucursal) values (43, 'Industrial', 0, 57, 'CONGELADOS', 166.99, 947.82, 0.99, 1.53, 14);
insert into estante (id, nombre, cantidadproductos, capacidadtotal, tipoproducto, peso, volumen, nivelreorden, nivelabastecimiento, sucursal) values (44, 'Shoes', 0, 51, 'ASEO', 132.77, 630.45, 0.64, 1.94, 10);
insert into estante (id, nombre, cantidadproductos, capacidadtotal, tipoproducto, peso, volumen, nivelreorden, nivelabastecimiento, sucursal) values (45, 'Electronics', 0, 303, 'HERRAMIENTAS', 213.74, 144.9, 0.8, 1.97, 19);
insert into estante (id, nombre, cantidadproductos, capacidadtotal, tipoproducto, peso, volumen, nivelreorden, nivelabastecimiento, sucursal) values (46, 'Kids', 0, 309, 'ASEO', 353.0, 691.24, 0.99, 1.72, 17);
insert into estante (id, nombre, cantidadproductos, capacidadtotal, tipoproducto, peso, volumen, nivelreorden, nivelabastecimiento, sucursal) values (47, 'Toys', 0, 200, 'PRENDASDEVESTIR', 236.45, 511.29, 1.82, 1.52, 17);
insert into estante (id, nombre, cantidadproductos, capacidadtotal, tipoproducto, peso, volumen, nivelreorden, nivelabastecimiento, sucursal) values (48, 'Music', 0, 186, 'MUEBLES', 955.63, 531.54, 0.89, 1.13, 13);
insert into estante (id, nombre, cantidadproductos, capacidadtotal, tipoproducto, peso, volumen, nivelreorden, nivelabastecimiento, sucursal) values (49, 'Music', 0, 367, 'PRENDASDEVESTIR', 496.72, 858.56, 1.7, 1.34, 4);
insert into estante (id, nombre, cantidadproductos, capacidadtotal, tipoproducto, peso, volumen, nivelreorden, nivelabastecimiento, sucursal) values (50, 'Computers', 0, 469, 'ABARROTES', 975.41, 234.3, 1.02, 1.95, 5);
insert into estante (id, nombre, cantidadproductos, capacidadtotal, tipoproducto, peso, volumen, nivelreorden, nivelabastecimiento, sucursal) values (51, 'Home', 0, 280, 'HERRAMIENTAS', 414.12, 39.13, 0.56, 1.7, 10);
insert into estante (id, nombre, cantidadproductos, capacidadtotal, tipoproducto, peso, volumen, nivelreorden, nivelabastecimiento, sucursal) values (52, 'Home', 0, 406, 'MUEBLES', 122.1, 470.9, 0.55, 1.51, 6);
insert into estante (id, nombre, cantidadproductos, capacidadtotal, tipoproducto, peso, volumen, nivelreorden, nivelabastecimiento, sucursal) values (53, 'Baby', 0, 90, 'ELECTRODOMESTICOS', 198.36, 536.15, 1.9, 1.36, 13);
insert into estante (id, nombre, cantidadproductos, capacidadtotal, tipoproducto, peso, volumen, nivelreorden, nivelabastecimiento, sucursal) values (54, 'Automotive', 0, 496, 'ELECTRODOMESTICOS', 41.04, 196.51, 1.24, 1.69, 17);
insert into estante (id, nombre, cantidadproductos, capacidadtotal, tipoproducto, peso, volumen, nivelreorden, nivelabastecimiento, sucursal) values (55, 'Computers', 0, 274, 'ABARROTES', 481.52, 872.37, 0.48, 1.91, 17);
insert into estante (id, nombre, cantidadproductos, capacidadtotal, tipoproducto, peso, volumen, nivelreorden, nivelabastecimiento, sucursal) values (56, 'Electronics', 0, 201, 'MUEBLES', 552.71, 845.72, 1.51, 1.8, 4);
insert into estante (id, nombre, cantidadproductos, capacidadtotal, tipoproducto, peso, volumen, nivelreorden, nivelabastecimiento, sucursal) values (57, 'Grocery', 0, 235, 'ABARROTES', 249.76, 968.41, 1.72, 1.68, 6);
insert into estante (id, nombre, cantidadproductos, capacidadtotal, tipoproducto, peso, volumen, nivelreorden, nivelabastecimiento, sucursal) values (58, 'Movies', 0, 468, 'ABARROTES', 508.51, 923.32, 1.62, 1.24, 15);
insert into estante (id, nombre, cantidadproductos, capacidadtotal, tipoproducto, peso, volumen, nivelreorden, nivelabastecimiento, sucursal) values (59, 'Grocery', 0, 174, 'ELECTRODOMESTICOS', 134.75, 48.45, 1.04, 1.47, 11);
insert into estante (id, nombre, cantidadproductos, capacidadtotal, tipoproducto, peso, volumen, nivelreorden, nivelabastecimiento, sucursal) values (60, 'Games', 0, 282, 'CONGELADOS', 647.77, 841.76, 0.88, 1.8, 18);
insert into estante (id, nombre, cantidadproductos, capacidadtotal, tipoproducto, peso, volumen, nivelreorden, nivelabastecimiento, sucursal) values (61, 'Health', 0, 117, 'ASEO', 34.11, 473.81, 0.46, 1.36, 6);
insert into estante (id, nombre, cantidadproductos, capacidadtotal, tipoproducto, peso, volumen, nivelreorden, nivelabastecimiento, sucursal) values (62, 'Beauty', 0, 237, 'HERRAMIENTAS', 578.1, 886.19, 0.59, 1.06, 12);
insert into estante (id, nombre, cantidadproductos, capacidadtotal, tipoproducto, peso, volumen, nivelreorden, nivelabastecimiento, sucursal) values (63, 'Games', 0, 222, 'MUEBLES', 717.65, 606.43, 1.11, 1.0, 12);
insert into estante (id, nombre, cantidadproductos, capacidadtotal, tipoproducto, peso, volumen, nivelreorden, nivelabastecimiento, sucursal) values (64, 'Industrial', 0, 77, 'ELECTRODOMESTICOS', 241.99, 643.38, 0.23, 1.59, 9);
insert into estante (id, nombre, cantidadproductos, capacidadtotal, tipoproducto, peso, volumen, nivelreorden, nivelabastecimiento, sucursal) values (65, 'Computers', 0, 362, 'ELECTRODOMESTICOS', 343.79, 396.17, 1.05, 1.1, 7);
insert into estante (id, nombre, cantidadproductos, capacidadtotal, tipoproducto, peso, volumen, nivelreorden, nivelabastecimiento, sucursal) values (66, 'Clothing', 0, 112, 'MUEBLES', 417.89, 592.17, 0.29, 1.15, 1);
insert into estante (id, nombre, cantidadproductos, capacidadtotal, tipoproducto, peso, volumen, nivelreorden, nivelabastecimiento, sucursal) values (67, 'Music', 0, 318, 'CONGELADOS', 954.34, 397.04, 1.05, 1.54, 18);
insert into estante (id, nombre, cantidadproductos, capacidadtotal, tipoproducto, peso, volumen, nivelreorden, nivelabastecimiento, sucursal) values (68, 'Garden', 0, 313, 'ABARROTES', 147.02, 459.31, 1.99, 1.05, 5);
insert into estante (id, nombre, cantidadproductos, capacidadtotal, tipoproducto, peso, volumen, nivelreorden, nivelabastecimiento, sucursal) values (69, 'Electronics', 0, 156, 'CONGELADOS', 173.61, 836.46, 0.63, 1.76, 11);
insert into estante (id, nombre, cantidadproductos, capacidadtotal, tipoproducto, peso, volumen, nivelreorden, nivelabastecimiento, sucursal) values (70, 'Movies', 0, 69, 'ELECTRODOMESTICOS', 723.68, 812.98, 0.65, 1.39, 19);
insert into estante (id, nombre, cantidadproductos, capacidadtotal, tipoproducto, peso, volumen, nivelreorden, nivelabastecimiento, sucursal) values (71, 'Sports', 0, 435, 'ASEO', 602.82, 138.1, 0.51, 1.3, 12);
insert into estante (id, nombre, cantidadproductos, capacidadtotal, tipoproducto, peso, volumen, nivelreorden, nivelabastecimiento, sucursal) values (72, 'Tools', 0, 293, 'HERRAMIENTAS', 496.67, 16.25, 0.65, 1.34, 2);
insert into estante (id, nombre, cantidadproductos, capacidadtotal, tipoproducto, peso, volumen, nivelreorden, nivelabastecimiento, sucursal) values (73, 'Books', 0, 107, 'MUEBLES', 633.92, 952.33, 0.89, 1.65, 12);
insert into estante (id, nombre, cantidadproductos, capacidadtotal, tipoproducto, peso, volumen, nivelreorden, nivelabastecimiento, sucursal) values (74, 'Games', 0, 150, 'MUEBLES', 257.92, 661.92, 1.3, 1.01, 15);
insert into estante (id, nombre, cantidadproductos, capacidadtotal, tipoproducto, peso, volumen, nivelreorden, nivelabastecimiento, sucursal) values (75, 'Jewelery', 0, 275, 'CONGELADOS', 935.94, 374.82, 0.37, 1.18, 9);
insert into estante (id, nombre, cantidadproductos, capacidadtotal, tipoproducto, peso, volumen, nivelreorden, nivelabastecimiento, sucursal) values (76, 'Games', 0, 347, 'ELECTRODOMESTICOS', 426.27, 778.29, 0.53, 1.59, 10);
insert into estante (id, nombre, cantidadproductos, capacidadtotal, tipoproducto, peso, volumen, nivelreorden, nivelabastecimiento, sucursal) values (77, 'Baby', 0, 329, 'HERRAMIENTAS', 491.34, 342.44, 1.94, 1.8, 19);
insert into estante (id, nombre, cantidadproductos, capacidadtotal, tipoproducto, peso, volumen, nivelreorden, nivelabastecimiento, sucursal) values (78, 'Shoes', 0, 315, 'CONGELADOS', 705.7, 746.74, 0.11, 1.9, 15);
insert into estante (id, nombre, cantidadproductos, capacidadtotal, tipoproducto, peso, volumen, nivelreorden, nivelabastecimiento, sucursal) values (79, 'Outdoors', 0, 205, 'CONGELADOS', 967.43, 114.79, 1.62, 1.11, 17);
insert into estante (id, nombre, cantidadproductos, capacidadtotal, tipoproducto, peso, volumen, nivelreorden, nivelabastecimiento, sucursal) values (80, 'Electronics', 0, 134, 'MUEBLES', 247.65, 975.53, 1.54, 1.76, 14);
insert into estante (id, nombre, cantidadproductos, capacidadtotal, tipoproducto, peso, volumen, nivelreorden, nivelabastecimiento, sucursal) values (81, 'Toys', 0, 443, 'ABARROTES', 242.9, 679.65, 1.72, 1.14, 17);
insert into estante (id, nombre, cantidadproductos, capacidadtotal, tipoproducto, peso, volumen, nivelreorden, nivelabastecimiento, sucursal) values (82, 'Baby', 0, 228, 'CONGELADOS', 876.03, 234.5, 0.34, 1.29, 6);
insert into estante (id, nombre, cantidadproductos, capacidadtotal, tipoproducto, peso, volumen, nivelreorden, nivelabastecimiento, sucursal) values (83, 'Health', 0, 89, 'MUEBLES', 323.87, 9.48, 1.14, 1.68, 5);
insert into estante (id, nombre, cantidadproductos, capacidadtotal, tipoproducto, peso, volumen, nivelreorden, nivelabastecimiento, sucursal) values (84, 'Baby', 0, 248, 'ABARROTES', 371.52, 19.35, 1.9, 1.7, 4);
insert into estante (id, nombre, cantidadproductos, capacidadtotal, tipoproducto, peso, volumen, nivelreorden, nivelabastecimiento, sucursal) values (85, 'Outdoors', 0, 106, 'PRENDASDEVESTIR', 955.42, 175.71, 1.9, 1.42, 16);
insert into estante (id, nombre, cantidadproductos, capacidadtotal, tipoproducto, peso, volumen, nivelreorden, nivelabastecimiento, sucursal) values (86, 'Electronics', 0, 273, 'MUEBLES', 260.45, 600.47, 0.94, 1.48, 5);
insert into estante (id, nombre, cantidadproductos, capacidadtotal, tipoproducto, peso, volumen, nivelreorden, nivelabastecimiento, sucursal) values (87, 'Games', 0, 204, 'CONGELADOS', 213.45, 722.98, 0.12, 1.43, 12);
insert into estante (id, nombre, cantidadproductos, capacidadtotal, tipoproducto, peso, volumen, nivelreorden, nivelabastecimiento, sucursal) values (88, 'Kids', 0, 124, 'HERRAMIENTAS', 873.73, 493.34, 0.1, 1.12, 14);
insert into estante (id, nombre, cantidadproductos, capacidadtotal, tipoproducto, peso, volumen, nivelreorden, nivelabastecimiento, sucursal) values (89, 'Games', 0, 357, 'PRENDASDEVESTIR', 374.46, 170.78, 1.93, 1.06, 6);
insert into estante (id, nombre, cantidadproductos, capacidadtotal, tipoproducto, peso, volumen, nivelreorden, nivelabastecimiento, sucursal) values (90, 'Electronics', 0, 74, 'ASEO', 684.16, 178.95, 1.74, 1.64, 10);
insert into estante (id, nombre, cantidadproductos, capacidadtotal, tipoproducto, peso, volumen, nivelreorden, nivelabastecimiento, sucursal) values (91, 'Music', 0, 57, 'ASEO', 858.55, 795.26, 1.01, 1.56, 20);
insert into estante (id, nombre, cantidadproductos, capacidadtotal, tipoproducto, peso, volumen, nivelreorden, nivelabastecimiento, sucursal) values (92, 'Books', 0, 313, 'HERRAMIENTAS', 954.75, 348.44, 1.55, 1.88, 11);
insert into estante (id, nombre, cantidadproductos, capacidadtotal, tipoproducto, peso, volumen, nivelreorden, nivelabastecimiento, sucursal) values (93, 'Books', 0, 126, 'PRENDASDEVESTIR', 55.52, 485.63, 1.55, 1.21, 3);
insert into estante (id, nombre, cantidadproductos, capacidadtotal, tipoproducto, peso, volumen, nivelreorden, nivelabastecimiento, sucursal) values (94, 'Computers', 0, 346, 'ASEO', 121.43, 577.11, 1.51, 1.56, 2);
insert into estante (id, nombre, cantidadproductos, capacidadtotal, tipoproducto, peso, volumen, nivelreorden, nivelabastecimiento, sucursal) values (95, 'Clothing', 0, 243, 'ELECTRODOMESTICOS', 776.18, 365.26, 1.5, 1.68, 1);
insert into estante (id, nombre, cantidadproductos, capacidadtotal, tipoproducto, peso, volumen, nivelreorden, nivelabastecimiento, sucursal) values (96, 'Shoes', 0, 53, 'HERRAMIENTAS', 893.61, 601.24, 1.34, 1.76, 1);
insert into estante (id, nombre, cantidadproductos, capacidadtotal, tipoproducto, peso, volumen, nivelreorden, nivelabastecimiento, sucursal) values (97, 'Beauty', 0, 180, 'ASEO', 386.64, 430.0, 0.61, 1.76, 9);
insert into estante (id, nombre, cantidadproductos, capacidadtotal, tipoproducto, peso, volumen, nivelreorden, nivelabastecimiento, sucursal) values (98, 'Grocery', 0, 92, 'MUEBLES', 641.64, 349.91, 1.77, 1.37, 10);
insert into estante (id, nombre, cantidadproductos, capacidadtotal, tipoproducto, peso, volumen, nivelreorden, nivelabastecimiento, sucursal) values (99, 'Baby', 0, 87, 'ABARROTES', 197.18, 2.56, 1.54, 1.48, 4);
insert into estante (id, nombre, cantidadproductos, capacidadtotal, tipoproducto, peso, volumen, nivelreorden, nivelabastecimiento, sucursal) values (100, 'Outdoors', 0, 54, 'MUEBLES', 225.33, 599.86, 1.76, 1.96, 6);


--Categoria
insert into categoria  (id, nombre, tipoalmacenamiento, tipomanejo) values (1, 'NOPERECEDERO', 'ASEO', 'nullam');
insert into categoria (id, nombre, tipoalmacenamiento, tipomanejo) values (2, 'NOPERECEDERO', 'PRENDASDEVESTIR', 'sapien urna pretium nisl ut volutpat sapien arcu sed');
insert into categoria (id, nombre, tipoalmacenamiento, tipomanejo) values (3, 'NOPERECEDERO', 'MUEBLES', 'nulla mollis molestie lorem quisque ut erat curabitur');
insert into categoria (id, nombre, tipoalmacenamiento, tipomanejo) values (4, 'NOPERECEDERO', 'HERRAMIENTAS', 'hac habitasse platea dictumst morbi vestibulum');
insert into categoria (id, nombre, tipoalmacenamiento, tipomanejo) values (5, 'NOPERECEDERO', 'ELECTRODOMESTICOS', 'quis libero nullam sit amet turpis elementum');
insert into categoria (id, nombre, tipoalmacenamiento, tipomanejo) values (6, 'PERECEDERO', 'ABARROTES', 'dui proin');
insert into categoria (id, nombre, tipoalmacenamiento, tipomanejo) values (7, 'PERECEDERO', 'CONGELADOS', 'at turpis a pede');

--Producto
insert into producto (id, nombre, codigobarras, especificacionesempaquetado, estado, marca, precioporunidadmedida, presentacion, unidadmedida, categoria) values (1, 'Tea Leaves - Oolong', 143, 'duis aliquam convallis nunc proin at turpis', 'DISPONIBLE', 'Yamia', 349440, 'semper est quam pharetra magna', 'GR', 7);
insert into producto (id, nombre, codigobarras, especificacionesempaquetado, estado, marca, precioporunidadmedida, presentacion, unidadmedida, categoria) values (2, 'Muffin - Mix - Mango Sour Cherry', 820, 'ut erat curabitur gravida nisi at nibh in hac', 'DISPONIBLE', 'Realblab', 289730, 'erat volutpat in congue etiam justo etiam', 'LITRO', 4);
insert into producto (id, nombre, codigobarras, especificacionesempaquetado, estado, marca, precioporunidadmedida, presentacion, unidadmedida, categoria) values (3, 'Chocolate - Milk', 513, 'morbi non quam nec dui luctus rutrum nulla tellus in', 'DISPONIBLE', 'Babbleset', 111641, 'nec sem duis aliquam convallis nunc proin at', 'LITRO', 7);
insert into producto (id, nombre, codigobarras, especificacionesempaquetado, estado, marca, precioporunidadmedida, presentacion, unidadmedida, categoria) values (4, 'Soup - Campbells Chili', 915, 'massa donec dapibus duis at', 'DISPONIBLE', 'Fanoodle', 241359, 'cras pellentesque volutpat dui maecenas tristique', 'UNIDAD', 5);
insert into producto (id, nombre, codigobarras, especificacionesempaquetado, estado, marca, precioporunidadmedida, presentacion, unidadmedida, categoria) values (5, 'Turkey - Ground. Lean', 859, 'nec nisi vulputate nonummy maecenas tincidunt lacus at velit', 'DISPONIBLE', 'Feedmix', 355052, 'et ultrices posuere cubilia curae donec pharetra magna vestibulum aliquet', 'LB', 2);
insert into producto (id, nombre, codigobarras, especificacionesempaquetado, estado, marca, precioporunidadmedida, presentacion, unidadmedida, categoria) values (6, 'Tea - Vanilla Chai', 570, 'proin risus praesent lectus vestibulum quam', 'DISPONIBLE', 'Quaxo', 257012, 'lectus aliquam sit amet diam in magna bibendum', 'UNIDAD', 2);
insert into producto (id, nombre, codigobarras, especificacionesempaquetado, estado, marca, precioporunidadmedida, presentacion, unidadmedida, categoria) values (7, 'Wine - Touraine Azay - Le - Rideau', 496, 'diam neque vestibulum eget', 'DISPONIBLE', 'Topicware', 306125, 'in faucibus orci luctus et ultrices posuere cubilia', 'LB', 4);
insert into producto (id, nombre, codigobarras, especificacionesempaquetado, estado, marca, precioporunidadmedida, presentacion, unidadmedida, categoria) values (8, 'Juice - Apple, 500 Ml', 277, 'eu sapien cursus vestibulum proin eu', 'DISPONIBLE', 'Avamm', 412160, 'sodales scelerisque mauris sit amet eros suspendisse accumsan tortor', 'UNIDAD', 3);
insert into producto (id, nombre, codigobarras, especificacionesempaquetado, estado, marca, precioporunidadmedida, presentacion, unidadmedida, categoria) values (9, 'Wine - Mondavi Coastal Private', 426, 'sit amet cursus id turpis integer aliquet massa id lobortis', 'DISPONIBLE', 'Zoonder', 116376, 'in leo maecenas pulvinar lobortis est phasellus sit amet', 'UNIDAD', 2);
insert into producto (id, nombre, codigobarras, especificacionesempaquetado, estado, marca, precioporunidadmedida, presentacion, unidadmedida, categoria) values (10, 'Dried Cherries', 399, 'pellentesque quisque', 'DISPONIBLE', 'Yoveo', 246781, 'non mattis pulvinar nulla pede ullamcorper augue a suscipit nulla', 'UNIDAD', 3);
insert into producto (id, nombre, codigobarras, especificacionesempaquetado, estado, marca, precioporunidadmedida, presentacion, unidadmedida, categoria) values (11, 'Appetizer - Cheese Bites', 364, 'id turpis integer aliquet', 'DISPONIBLE', 'Rhycero', 381442, 'sagittis sapien cum sociis natoque penatibus et magnis', 'GR', 5);
insert into producto (id, nombre, codigobarras, especificacionesempaquetado, estado, marca, precioporunidadmedida, presentacion, unidadmedida, categoria) values (12, 'Calypso - Lemonade', 965, 'pulvinar nulla pede ullamcorper augue', 'DISPONIBLE', 'Viva', 454404, 'sem sed sagittis nam congue risus semper porta', 'GR', 6);
insert into producto (id, nombre, codigobarras, especificacionesempaquetado, estado, marca, precioporunidadmedida, presentacion, unidadmedida, categoria) values (13, 'Mahi Mahi', 241, 'eget orci vehicula condimentum curabitur in libero ut massa volutpat', 'DISPONIBLE', 'Linkbridge', 472452, 'elementum ligula vehicula consequat morbi a ipsum integer a nibh', 'LITRO', 6);
insert into producto (id, nombre, codigobarras, especificacionesempaquetado, estado, marca, precioporunidadmedida, presentacion, unidadmedida, categoria) values (14, 'Table Cloth - 53x69 Colour', 224, 'vivamus metus arcu adipiscing molestie hendrerit at vulputate vitae', 'DISPONIBLE', 'Centimia', 129474, 'mauris ullamcorper purus sit amet nulla quisque arcu libero', 'GR', 5);
insert into producto (id, nombre, codigobarras, especificacionesempaquetado, estado, marca, precioporunidadmedida, presentacion, unidadmedida, categoria) values (15, 'Wine - White, Colubia Cresh', 872, 'a feugiat et', 'DISPONIBLE', 'Avavee', 102179, 'nisi venenatis tristique fusce congue diam id ornare imperdiet sapien', 'GR', 4);
insert into producto (id, nombre, codigobarras, especificacionesempaquetado, estado, marca, precioporunidadmedida, presentacion, unidadmedida, categoria) values (16, 'Pesto - Primerba, Paste', 883, 'lectus in', 'DISPONIBLE', 'Meetz', 486770, 'nulla facilisi cras non velit nec nisi vulputate nonummy maecenas', 'GR', 6);
insert into producto (id, nombre, codigobarras, especificacionesempaquetado, estado, marca, precioporunidadmedida, presentacion, unidadmedida, categoria) values (17, 'Ginger - Ground', 342, 'ac est lacinia', 'DISPONIBLE', 'Mynte', 498089, 'nullam porttitor lacus at turpis', 'LITRO', 3);
insert into producto (id, nombre, codigobarras, especificacionesempaquetado, estado, marca, precioporunidadmedida, presentacion, unidadmedida, categoria) values (18, 'Compound - Orange', 584, 'quisque ut erat curabitur gravida nisi at nibh in', 'DISPONIBLE', 'Meetz', 191732, 'potenti in eleifend quam a', 'GR', 6);
insert into producto (id, nombre, codigobarras, especificacionesempaquetado, estado, marca, precioporunidadmedida, presentacion, unidadmedida, categoria) values (19, 'Cheese Cloth No 60', 206, 'a ipsum integer', 'DISPONIBLE', 'Dabshots', 466063, 'morbi porttitor lorem id ligula', 'GR', 3);
insert into producto (id, nombre, codigobarras, especificacionesempaquetado, estado, marca, precioporunidadmedida, presentacion, unidadmedida, categoria) values (20, 'Wine - Red, Pinot Noir, Chateau', 490, 'nulla neque libero convallis eget eleifend', 'DISPONIBLE', 'Jaxnation', 45559, 'primis in faucibus orci luctus', 'GR', 1);
insert into producto (id, nombre, codigobarras, especificacionesempaquetado, estado, marca, precioporunidadmedida, presentacion, unidadmedida, categoria) values (21, 'Pepper - White, Ground', 315, 'elit sodales scelerisque', 'DISPONIBLE', 'Innotype', 490037, 'amet consectetuer adipiscing elit proin interdum', 'LITRO', 6);
insert into producto (id, nombre, codigobarras, especificacionesempaquetado, estado, marca, precioporunidadmedida, presentacion, unidadmedida, categoria) values (22, 'Soup - Campbells', 128, 'posuere nonummy integer non velit donec diam neque', 'DISPONIBLE', 'JumpXS', 23384, 'dui vel nisl duis ac', 'LITRO', 6);
insert into producto (id, nombre, codigobarras, especificacionesempaquetado, estado, marca, precioporunidadmedida, presentacion, unidadmedida, categoria) values (23, 'Beef - Sushi Flat Iron Steak', 739, 'et tempus', 'DISPONIBLE', 'Meejo', 98490, 'lectus in est risus auctor', 'GR', 2);
insert into producto (id, nombre, codigobarras, especificacionesempaquetado, estado, marca, precioporunidadmedida, presentacion, unidadmedida, categoria) values (24, 'Chutney Sauce - Mango', 496, 'mauris non', 'DISPONIBLE', 'Topicware', 198044, 'purus sit amet nulla quisque', 'UNIDAD', 1);
insert into producto (id, nombre, codigobarras, especificacionesempaquetado, estado, marca, precioporunidadmedida, presentacion, unidadmedida, categoria) values (25, 'Wine - Touraine Azay - Le - Rideau', 734, 'natoque penatibus et magnis', 'DISPONIBLE', 'Livetube', 237032, 'enim sit amet nunc viverra dapibus', 'GR', 7);
insert into producto (id, nombre, codigobarras, especificacionesempaquetado, estado, marca, precioporunidadmedida, presentacion, unidadmedida, categoria) values (26, 'Cloves - Ground', 211, 'ut erat id mauris vulputate elementum nullam varius nulla', 'DISPONIBLE', 'Skinder', 186884, 'tristique in tempus sit amet', 'GR', 4);
insert into producto (id, nombre, codigobarras, especificacionesempaquetado, estado, marca, precioporunidadmedida, presentacion, unidadmedida, categoria) values (27, 'Wine - Red, Gallo, Merlot', 511, 'arcu adipiscing', 'DISPONIBLE', 'Talane', 194046, 'mattis egestas metus aenean fermentum donec ut', 'LITRO', 4);
insert into producto (id, nombre, codigobarras, especificacionesempaquetado, estado, marca, precioporunidadmedida, presentacion, unidadmedida, categoria) values (28, 'Hickory Smoke, Liquid', 494, 'amet turpis elementum ligula vehicula consequat', 'DISPONIBLE', 'Fanoodle', 456980, 'eleifend donec ut dolor morbi vel lectus in quam', 'GR', 3);
insert into producto (id, nombre, codigobarras, especificacionesempaquetado, estado, marca, precioporunidadmedida, presentacion, unidadmedida, categoria) values (29, 'Passion Fruit', 265, 'praesent id massa', 'DISPONIBLE', 'Agimba', 327186, 'elit proin risus praesent lectus vestibulum', 'LB', 6);
insert into producto (id, nombre, codigobarras, especificacionesempaquetado, estado, marca, precioporunidadmedida, presentacion, unidadmedida, categoria) values (30, 'Lettuce - Boston Bib - Organic', 311, 'a libero nam dui proin leo odio porttitor id', 'DISPONIBLE', 'Gabvine', 156759, 'cras mi pede malesuada in imperdiet', 'LB', 5);
insert into producto (id, nombre, codigobarras, especificacionesempaquetado, estado, marca, precioporunidadmedida, presentacion, unidadmedida, categoria) values (31, 'Wine - Alsace Gewurztraminer', 281, 'turpis elementum ligula vehicula consequat morbi a ipsum integer a', 'DISPONIBLE', 'Fivebridge', 286394, 'sed vel enim sit amet nunc', 'LITRO', 2);
insert into producto (id, nombre, codigobarras, especificacionesempaquetado, estado, marca, precioporunidadmedida, presentacion, unidadmedida, categoria) values (32, 'Duck - Legs', 317, 'erat eros viverra eget congue eget', 'DISPONIBLE', 'Dabtype', 434464, 'ultrices posuere cubilia curae duis faucibus accumsan odio curabitur convallis', 'GR', 3);
insert into producto (id, nombre, codigobarras, especificacionesempaquetado, estado, marca, precioporunidadmedida, presentacion, unidadmedida, categoria) values (33, 'Cup Translucent 9 Oz', 732, 'odio curabitur convallis duis', 'DISPONIBLE', 'Trupe', 79042, 'nulla mollis molestie lorem quisque ut erat curabitur gravida nisi', 'LB', 3);
insert into producto (id, nombre, codigobarras, especificacionesempaquetado, estado, marca, precioporunidadmedida, presentacion, unidadmedida, categoria) values (34, 'Milk - 1%', 602, 'luctus et', 'DISPONIBLE', 'Tagpad', 295967, 'consectetuer adipiscing elit proin risus praesent lectus vestibulum', 'LITRO', 2);
insert into producto (id, nombre, codigobarras, especificacionesempaquetado, estado, marca, precioporunidadmedida, presentacion, unidadmedida, categoria) values (35, 'Flavouring - Raspberry', 771, 'in lacus curabitur at', 'DISPONIBLE', 'Brainverse', 379535, 'sapien placerat ante nulla justo', 'LITRO', 6);
insert into producto (id, nombre, codigobarras, especificacionesempaquetado, estado, marca, precioporunidadmedida, presentacion, unidadmedida, categoria) values (36, 'Pail With Metal Handle 16l White', 956, 'sapien arcu sed augue aliquam', 'DISPONIBLE', 'Wikido', 53138, 'in tempor turpis nec euismod scelerisque quam turpis', 'LB', 6);
insert into producto (id, nombre, codigobarras, especificacionesempaquetado, estado, marca, precioporunidadmedida, presentacion, unidadmedida, categoria) values (37, 'Lamb - Whole Head Off,nz', 239, 'magna at nunc commodo placerat praesent blandit nam nulla', 'DISPONIBLE', 'Quamba', 44606, 'ipsum primis in faucibus orci luctus et ultrices posuere cubilia', 'LITRO', 3);
insert into producto (id, nombre, codigobarras, especificacionesempaquetado, estado, marca, precioporunidadmedida, presentacion, unidadmedida, categoria) values (38, 'Pork - Sausage, Medium', 467, 'quis orci eget orci vehicula condimentum curabitur in libero', 'DISPONIBLE', 'Dabshots', 346947, 'ultrices posuere cubilia curae duis', 'UNIDAD', 7);
insert into producto (id, nombre, codigobarras, especificacionesempaquetado, estado, marca, precioporunidadmedida, presentacion, unidadmedida, categoria) values (39, 'Pasta - Detalini, White, Fresh', 162, 'auctor gravida sem praesent id massa id nisl', 'DISPONIBLE', 'Flashpoint', 177368, 'amet consectetuer adipiscing elit proin risus praesent lectus', 'LITRO', 2);
insert into producto (id, nombre, codigobarras, especificacionesempaquetado, estado, marca, precioporunidadmedida, presentacion, unidadmedida, categoria) values (40, 'Cookies - Amaretto', 352, 'nisl aenean lectus pellentesque eget nunc donec quis', 'DISPONIBLE', 'Aibox', 441918, 'cubilia curae mauris viverra diam', 'LITRO', 1);


--ProductoBodega

insert into productobodega (producto, bodega, cantidadproducto) values (1, 19, 15);
insert into productobodega (producto, bodega, cantidadproducto) values (3, 19, 3);
insert into productobodega (producto, bodega, cantidadproducto) values (25, 19, 9);
update bodega set cantidadproductos=(cantidadproductos+27) where id=19;


insert into productobodega (producto, bodega, cantidadproducto) values (2, 8, 16);
update bodega set cantidadproductos=(cantidadproductos+16) where id=8;
insert into productobodega (producto, bodega, cantidadproducto) values (2, 9, 16);
update bodega set cantidadproductos=(cantidadproductos+16) where id=9;

insert into productobodega (producto, bodega, cantidadproducto) values (4, 7, 17);
update bodega set cantidadproductos=(cantidadproductos+17) where id=7;

--ProductoEstante


insert into productoEstante (producto, estante, cantidadproducto) values (1, 19, 15);
insert into productoEstante (producto, estante, cantidadproducto) values (3, 19, 3);
insert into productoEstante (producto, estante, cantidadproducto) values (25, 19, 9);
update Estante set cantidadproductos=(cantidadproductos+27) where id=19;


insert into productoestante (producto, estante, cantidadproducto) values (2, 49, 16);
update Estante set cantidadproductos=(cantidadproductos+16) where id=49;


insert into productoestante (producto, estante, cantidadproducto) values (4, 7, 17);
update Estante set cantidadproductos=(cantidadproductos+17) where id=7;

--Consumidor
insert into consumidor (id, nombre, correoelectronico, tipoconsumidor) values (1, 'Aylmar Grundon', 'agrundon0@yolasite.com', 'PNATURAL');
insert into consumidor (id, nombre, correoelectronico, tipoconsumidor) values (2, 'Bernice Somner', 'bsomner1@newsvine.com', 'PNATURAL');
insert into consumidor (id, nombre, correoelectronico, tipoconsumidor) values (3, 'Nannie Benedite', 'nbenedite2@typepad.com', 'PNATURAL');
insert into consumidor (id, nombre, correoelectronico, tipoconsumidor) values (4, 'Rollie Valti', 'rvalti3@alibaba.com', 'PNATURAL');
insert into consumidor (id, nombre, correoelectronico, tipoconsumidor) values (5, 'Willi Cocke', 'wcocke4@dagondesign.com', 'PNATURAL');
insert into consumidor (id, nombre, correoelectronico, tipoconsumidor) values (6, 'Glennis Coale', 'gcoale5@hc360.com', 'PNATURAL');
insert into consumidor (id, nombre, correoelectronico, tipoconsumidor) values (7, 'Alyce Campanelli', 'acampanelli6@uiuc.edu', 'PNATURAL');
insert into consumidor (id, nombre, correoelectronico, tipoconsumidor) values (8, 'Bastian Happel', 'bhappel7@jigsy.com', 'PNATURAL');
insert into consumidor (id, nombre, correoelectronico, tipoconsumidor) values (9, 'Raimund Fazakerley', 'rfazakerley8@msu.edu', 'PNATURAL');
insert into consumidor (id, nombre, correoelectronico, tipoconsumidor) values (10, 'Elsinore Farrant', 'efarrant9@barnesandnoble.com', 'PNATURAL');
insert into consumidor (id, nombre, correoelectronico, tipoconsumidor) values (11, 'Ileane Mulbery', 'imulberya@rakuten.co.jp', 'PNATURAL');
insert into consumidor (id, nombre, correoelectronico, tipoconsumidor) values (12, 'Kordula Debold', 'kdeboldb@tmall.com', 'PNATURAL');
insert into consumidor (id, nombre, correoelectronico, tipoconsumidor) values (13, 'Adan Doody', 'adoodyc@usatoday.com', 'PNATURAL');
insert into consumidor (id, nombre, correoelectronico, tipoconsumidor) values (14, 'Jo ann Gillivrie', 'jannd@cocolog-nifty.com', 'PNATURAL');
insert into consumidor (id, nombre, correoelectronico, tipoconsumidor) values (15, 'Malia O''Shiel', 'moshiele@tamu.edu', 'PNATURAL');
insert into consumidor (id, nombre, correoelectronico, tipoconsumidor) values (16, 'Kort Loyd', 'kloydf@mashable.com', 'PNATURAL');
insert into consumidor (id, nombre, correoelectronico, tipoconsumidor) values (17, 'Leonanie Salzberg', 'lsalzbergg@webmd.com', 'PNATURAL');
insert into consumidor (id, nombre, correoelectronico, tipoconsumidor) values (18, 'Washington Grigoire', 'wgrigoireh@guardian.co.uk', 'PNATURAL');
insert into consumidor (id, nombre, correoelectronico, tipoconsumidor) values (19, 'Silva Walasik', 'swalasiki@imgur.com', 'PNATURAL');
insert into consumidor (id, nombre, correoelectronico, tipoconsumidor) values (20, 'Kalila Barney', 'kbarneyj@cbslocal.com', 'PNATURAL');
insert into consumidor (id, nombre, correoelectronico, tipoconsumidor) values (21, 'Blanch Sambals', 'bsambalsk@wikispaces.com', 'PNATURAL');
insert into consumidor (id, nombre, correoelectronico, tipoconsumidor) values (22, 'Egbert Binyon', 'ebinyonl@netlog.com', 'PNATURAL');
insert into consumidor (id, nombre, correoelectronico, tipoconsumidor) values (23, 'Willem Scapens', 'wscapensm@hibu.com', 'PNATURAL');
insert into consumidor (id, nombre, correoelectronico, tipoconsumidor) values (24, 'Teodoro Luckett', 'tluckettn@patch.com', 'PNATURAL');
insert into consumidor (id, nombre, correoelectronico, tipoconsumidor) values (25, 'Lester Somerset', 'lsomerseto@issuu.com', 'PNATURAL');
insert into consumidor (id, nombre, correoelectronico, tipoconsumidor) values (26, 'Tally Ebbitt', 'tebbittp@macromedia.com', 'PNATURAL');
insert into consumidor (id, nombre, correoelectronico, tipoconsumidor) values (27, 'Nicol Capener', 'ncapenerq@exblog.jp', 'PNATURAL');
insert into consumidor (id, nombre, correoelectronico, tipoconsumidor) values (28, 'Alejandrina Canfield', 'acanfieldr@buzzfeed.com', 'PNATURAL');
insert into consumidor (id, nombre, correoelectronico, tipoconsumidor) values (29, 'Hilde Guess', 'hguesss@rediff.com', 'PNATURAL');
insert into consumidor (id, nombre, correoelectronico, tipoconsumidor) values (30, 'Lilli Brabyn', 'lbrabynt@fema.gov', 'PNATURAL');
insert into consumidor (id, nombre, correoelectronico, tipoconsumidor) values (31, 'Hanny Duncklee', 'hdunckleeu@elegantthemes.com', 'PNATURAL');
insert into consumidor (id, nombre, correoelectronico, tipoconsumidor) values (32, 'Jo-ann Kingscote', 'jkingscotev@guardian.co.uk', 'PNATURAL');
insert into consumidor (id, nombre, correoelectronico, tipoconsumidor) values (33, 'Shanon Lampert', 'slampertw@clickbank.net', 'PNATURAL');
insert into consumidor (id, nombre, correoelectronico, tipoconsumidor) values (34, 'Byrle Plomer', 'bplomerx@technorati.com', 'PNATURAL');
insert into consumidor (id, nombre, correoelectronico, tipoconsumidor) values (35, 'Elfie Sorrill', 'esorrilly@hibu.com', 'PNATURAL');
insert into consumidor (id, nombre, correoelectronico, tipoconsumidor) values (36, 'Nathan McReynolds', 'nmcreynoldsz@cdc.gov', 'PNATURAL');
insert into consumidor (id, nombre, correoelectronico, tipoconsumidor) values (37, 'Ev Ballinger', 'eballinger10@hatena.ne.jp', 'PNATURAL');
insert into consumidor (id, nombre, correoelectronico, tipoconsumidor) values (38, 'Biron Dutteridge', 'bdutteridge11@hibu.com', 'PNATURAL');
insert into consumidor (id, nombre, correoelectronico, tipoconsumidor) values (39, 'Westleigh Bickell', 'wbickell12@macromedia.com', 'PNATURAL');
insert into consumidor (id, nombre, correoelectronico, tipoconsumidor) values (40, 'Jone Bysaker', 'jbysaker13@google.es', 'PNATURAL');


insert into consumidor (id, nombre, correoelectronico, tipoconsumidor) values (41, 'Blogpad', 'dstretton0@independent.co.uk', 'EMPRESA');
insert into consumidor (id, nombre, correoelectronico, tipoconsumidor) values (42, 'Skyndu', 'jdukesbury1@yandex.ru', 'EMPRESA');
insert into consumidor (id, nombre, correoelectronico, tipoconsumidor) values (43, 'JumpXS', 'gmccormack2@so-net.ne.jp', 'EMPRESA');
insert into consumidor (id, nombre, correoelectronico, tipoconsumidor) values (44, 'Ntag', 'cbeamiss3@purevolume.com', 'EMPRESA');
insert into consumidor (id, nombre, correoelectronico, tipoconsumidor) values (45, 'Skinix', 'vadamsson4@census.gov', 'EMPRESA');
insert into consumidor (id, nombre, correoelectronico, tipoconsumidor) values (46, 'Flipstorm', 'mcheetam5@github.io', 'EMPRESA');
insert into consumidor (id, nombre, correoelectronico, tipoconsumidor) values (47, 'Viva', 'ssprosson6@homestead.com', 'EMPRESA');
insert into consumidor (id, nombre, correoelectronico, tipoconsumidor) values (48, 'Meejo', 'cmaddick7@networkadvertising.org', 'EMPRESA');
insert into consumidor (id, nombre, correoelectronico, tipoconsumidor) values (49, 'Wordify', 'erentoll8@wikia.com', 'EMPRESA');
insert into consumidor (id, nombre, correoelectronico, tipoconsumidor) values (50, 'Kwimbee', 'bchevin9@google.com.au', 'EMPRESA');
insert into consumidor (id, nombre, correoelectronico, tipoconsumidor) values (51, 'Skinix', 'ochatella@tuttocitta.it', 'EMPRESA');
insert into consumidor (id, nombre, correoelectronico, tipoconsumidor) values (52, 'Oyope', 'dhubboldb@dedecms.com', 'EMPRESA');
insert into consumidor (id, nombre, correoelectronico, tipoconsumidor) values (53, 'Devbug', 'dstanyardc@squarespace.com', 'EMPRESA');
insert into consumidor (id, nombre, correoelectronico, tipoconsumidor) values (54, 'Voomm', 'cwillsheed@google.co.jp', 'EMPRESA');
insert into consumidor (id, nombre, correoelectronico, tipoconsumidor) values (55, 'Zava', 'jgosticke@cam.ac.uk', 'EMPRESA');
insert into consumidor (id, nombre, correoelectronico, tipoconsumidor) values (56, 'Midel', 'hslemmondsf@github.com', 'EMPRESA');
insert into consumidor (id, nombre, correoelectronico, tipoconsumidor) values (57, 'Yodoo', 'ffairburneg@goodreads.com', 'EMPRESA');
insert into consumidor (id, nombre, correoelectronico, tipoconsumidor) values (58, 'Skivee', 'jhincksh@cnbc.com', 'EMPRESA');
insert into consumidor (id, nombre, correoelectronico, tipoconsumidor) values (59, 'Abatz', 'bbullenti@wufoo.com', 'EMPRESA');
insert into consumidor (id, nombre, correoelectronico, tipoconsumidor) values (60, 'Demivee', 'ddelamainej@kickstarter.com', 'EMPRESA');


--EMPRESA
insert into empresa (idconsumidor, nit, direccion) values (41, '4974436139', '535 Fairfield Terrace');
insert into empresa (idconsumidor, nit, direccion) values (42, '6563368050', '5 Logan Street');
insert into empresa (idconsumidor, nit, direccion) values (43, '0032158483', '1 Armistice Crossing');
insert into empresa (idconsumidor, nit, direccion) values (44, '7285757969', '95 Jay Terrace');
insert into empresa (idconsumidor, nit, direccion) values (45, '3077090333', '9 Linden Junction');
insert into empresa (idconsumidor, nit, direccion) values (46, '5323119519', '407 Homewood Street');
insert into empresa (idconsumidor, nit, direccion) values (47, '7979248198', '08 Waywood Avenue');
insert into empresa (idconsumidor, nit, direccion) values (48, '3289630374', '18 Debra Park');
insert into empresa (idconsumidor, nit, direccion) values (49, '1948302330', '8251 Toban Crossing');
insert into empresa (idconsumidor, nit, direccion) values (50, '2546143301', '50042 Fallview Crossing');
insert into empresa (idconsumidor, nit, direccion) values (51, '4284393189', '58 Leroy Trail');
insert into empresa (idconsumidor, nit, direccion) values (52, '3740521090', '15 Pine View Avenue');
insert into empresa (idconsumidor, nit, direccion) values (53, '0772101795', '608 Hansons Terrace');
insert into empresa (idconsumidor, nit, direccion) values (54, '6887312778', '68 Truax Junction');
insert into empresa (idconsumidor, nit, direccion) values (55, '8278530009', '9 Arkansas Park');
insert into empresa (idconsumidor, nit, direccion) values (56, '7467148526', '18 Donald Avenue');
insert into empresa (idconsumidor, nit, direccion) values (57, '6299030380', '931 Eastlawn Center');
insert into empresa (idconsumidor, nit, direccion) values (58, '9164423638', '0 Logan Pass');
insert into empresa (idconsumidor, nit, direccion) values (59, '5880526720', '352 Judy Crossing');
insert into empresa (idconsumidor, nit, direccion) values (60, '2115145704', '2791 Blackbird Center');

--Personanatural
insert into personanatural (idconsumidor, documentoidentidad) values (1, '3504886269');
insert into personanatural (idconsumidor, documentoidentidad) values (2, '0606957278');
insert into personanatural (idconsumidor, documentoidentidad) values (3, '7257951055');
insert into personanatural (idconsumidor, documentoidentidad) values (4, '0553884549');
insert into personanatural (idconsumidor, documentoidentidad) values (5, '5392787908');
insert into personanatural (idconsumidor, documentoidentidad) values (6, '6495093489');
insert into personanatural (idconsumidor, documentoidentidad) values (7, '2685768475');
insert into personanatural (idconsumidor, documentoidentidad) values (8, '7110273512');
insert into personanatural (idconsumidor, documentoidentidad) values (9, '3430050189');
insert into personanatural (idconsumidor, documentoidentidad) values (10, '7303595732');
insert into personanatural (idconsumidor, documentoidentidad) values (11, '4395347290');
insert into personanatural (idconsumidor, documentoidentidad) values (12, '2652625829');
insert into personanatural (idconsumidor, documentoidentidad) values (13, '6774724760');
insert into personanatural (idconsumidor, documentoidentidad) values (14, '7632960309');
insert into personanatural (idconsumidor, documentoidentidad) values (15, '0393604136');
insert into personanatural (idconsumidor, documentoidentidad) values (16, '7966251020');
insert into personanatural (idconsumidor, documentoidentidad) values (17, '6723232046');
insert into personanatural (idconsumidor, documentoidentidad) values (18, '3459949864');
insert into personanatural (idconsumidor, documentoidentidad) values (19, '8633525232');
insert into personanatural (idconsumidor, documentoidentidad) values (20, '9396682594');
insert into personanatural (idconsumidor, documentoidentidad) values (21, '8767724914');
insert into personanatural (idconsumidor, documentoidentidad) values (22, '6987169063');
insert into personanatural (idconsumidor, documentoidentidad) values (23, '8961603620');
insert into personanatural (idconsumidor, documentoidentidad) values (24, '3552783458');
insert into personanatural (idconsumidor, documentoidentidad) values (25, '7834712160');
insert into personanatural (idconsumidor, documentoidentidad) values (26, '2150640015');
insert into personanatural (idconsumidor, documentoidentidad) values (27, '1529365945');
insert into personanatural (idconsumidor, documentoidentidad) values (28, '2607588863');
insert into personanatural (idconsumidor, documentoidentidad) values (29, '0912111232');
insert into personanatural (idconsumidor, documentoidentidad) values (30, '4719419461');
insert into personanatural (idconsumidor, documentoidentidad) values (31, '7290334582');
insert into personanatural (idconsumidor, documentoidentidad) values (32, '8382950256');
insert into personanatural (idconsumidor, documentoidentidad) values (33, '6852477924');
insert into personanatural (idconsumidor, documentoidentidad) values (34, '7969181546');
insert into personanatural (idconsumidor, documentoidentidad) values (35, '6276359580');
insert into personanatural (idconsumidor, documentoidentidad) values (36, '4012349244');
insert into personanatural (idconsumidor, documentoidentidad) values (37, '5844378083');
insert into personanatural (idconsumidor, documentoidentidad) values (38, '5791599218');
insert into personanatural (idconsumidor, documentoidentidad) values (39, '5334535004');
insert into personanatural (idconsumidor, documentoidentidad) values (40, '2902952074');
--Fidelizacion
insert into fidelizacion (idconsumidor, cantidadpuntos) values (1, 66);
insert into fidelizacion (idconsumidor, cantidadpuntos) values (2, 28);
insert into fidelizacion (idconsumidor, cantidadpuntos) values (3, 73);
insert into fidelizacion (idconsumidor, cantidadpuntos) values (4, 68);
insert into fidelizacion (idconsumidor, cantidadpuntos) values (5, 71);
insert into fidelizacion (idconsumidor, cantidadpuntos) values (6, 29);
insert into fidelizacion (idconsumidor, cantidadpuntos) values (7, 33);
insert into fidelizacion (idconsumidor, cantidadpuntos) values (8, 88);
insert into fidelizacion (idconsumidor, cantidadpuntos) values (9, 33);
insert into fidelizacion (idconsumidor, cantidadpuntos) values (10, 60);
insert into fidelizacion (idconsumidor, cantidadpuntos) values (11, 36);
insert into fidelizacion (idconsumidor, cantidadpuntos) values (12, 16);
insert into fidelizacion (idconsumidor, cantidadpuntos) values (13, 31);
insert into fidelizacion (idconsumidor, cantidadpuntos) values (14, 10);
insert into fidelizacion (idconsumidor, cantidadpuntos) values (15, 6);
insert into fidelizacion (idconsumidor, cantidadpuntos) values (16, 73);
insert into fidelizacion (idconsumidor, cantidadpuntos) values (17, 63);
insert into fidelizacion (idconsumidor, cantidadpuntos) values (18, 21);
insert into fidelizacion (idconsumidor, cantidadpuntos) values (19, 96);
insert into fidelizacion (idconsumidor, cantidadpuntos) values (20, 64);



--Venta
insert into venta (id, fecha, formapago, valortotal, consumidor, sucursal) values (1, '12/06/2018', 'CONTADO', 547864, 26, 1);
insert into venta (id, fecha, formapago, valortotal, consumidor, sucursal) values (2, '20/06/2018', 'CREDITO', 362782, 26, 1);
insert into venta (id, fecha, formapago, valortotal, consumidor, sucursal) values (3, '15/07/2018', 'CONTADO', 630557, 26, 1);
insert into venta (id, fecha, formapago, valortotal, consumidor, sucursal) values (4, '09/07/2018', 'CREDITO', 186010, 26, 1);
insert into venta (id, fecha, formapago, valortotal, consumidor, sucursal) values (5, '25/08/2018', 'CONTADO', 696112, 26, 1);
insert into venta (id, fecha, formapago, valortotal, consumidor, sucursal) values (6, '29/08/2018', 'CREDITO', 903727, 26, 1);
insert into venta (id, fecha, formapago, valortotal, consumidor, sucursal) values (7, '12/09/2018', 'CONTADO', 336525, 26, 1);
insert into venta (id, fecha, formapago, valortotal, consumidor, sucursal) values (8, '13/09/2018', 'CREDITO', 531154, 26, 1);
insert into venta (id, fecha, formapago, valortotal, consumidor, sucursal) values (9, '17/10/2018', 'CONTADO', 173981, 26, 1);
insert into venta (id, fecha, formapago, valortotal, consumidor, sucursal) values (10, '29/10/2018', 'CREDITO', 599231, 26, 1);
insert into venta (id, fecha, formapago, valortotal, consumidor, sucursal) values (11, '01/11/2018', 'CONTADO', 656561, 26, 1);
insert into venta (id, fecha, formapago, valortotal, consumidor, sucursal) values (12, '02/11/2018', 'CREDITO', 377348, 26, 1);
insert into venta (id, fecha, formapago, valortotal, consumidor, sucursal) values (13, '31/06/2018', 'CONTADO', 306285, 29, 2);
insert into venta (id, fecha, formapago, valortotal, consumidor, sucursal) values (14, '20/06/2018', 'CREDITO', 85599, 29, 2);




--Factura
insert into factura (id, textofactura) values (1, 'lectus in est risus auctor sed tristique in tempus sit amet sem fusce consequat nulla nisl');
insert into factura (id, textofactura) values (2, 'blandit nam nulla integer pede justo lacinia eget tincidunt eget tempus vel pede morbi porttitor lorem id ligula');
insert into factura (id, textofactura) values (3, 'sociis natoque penatibus et magnis dis parturient montes nascetur ridiculus mus etiam');
insert into factura (id, textofactura) values (4, 'ac diam cras pellentesque volutpat dui maecenas tristique est et');
insert into factura (id, textofactura) values (5, 'ultrices posuere cubilia curae donec pharetra magna vestibulum aliquet ultrices erat tortor');
insert into factura (id, textofactura) values (6, 'tellus in sagittis dui vel nisl duis ac nibh fusce lacus purus aliquet at feugiat non pretium quis lectus');
insert into factura (id, textofactura) values (7, 'ipsum ac tellus semper interdum mauris ullamcorper purus sit amet nulla quisque arcu libero rutrum ac lobortis vel dapibus at');
insert into factura (id, textofactura) values (8, 'in quam fringilla rhoncus mauris enim leo rhoncus sed vestibulum sit');
insert into factura (id, textofactura) values (9, 'curae mauris viverra diam vitae quam suspendisse potenti nullam porttitor lacus at turpis');
insert into factura (id, textofactura) values (10, 'lobortis convallis tortor risus dapibus augue vel accumsan tellus nisi eu orci mauris lacinia');
insert into factura (id, textofactura) values (11, 'sed magna at nunc commodo placerat praesent blandit nam nulla integer pede justo lacinia eget tincidunt eget tempus vel');
insert into factura (id, textofactura) values (12, 'vel sem sed sagittis nam congue risus semper porta volutpat quam pede lobortis ligula');
insert into factura (id, textofactura) values (13, 'non velit nec nisi vulputate nonummy maecenas tincidunt lacus at velit vivamus vel nulla eget eros elementum pellentesque');
insert into factura (id, textofactura) values (14, 'purus eu magna vulputate luctus cum sociis natoque penatibus et magnis dis parturient montes nascetur ridiculus mus vivamus vestibulum');



--CarritoCompras
insert into carritocompras (id, consumidor, sucursal) values (1, 1, 9);
insert into carritocompras (id, consumidor, sucursal) values (2, 2, 10);
insert into carritocompras (id, consumidor, sucursal) values (3, 3, 16);
insert into carritocompras (id, consumidor, sucursal) values (4, 4, 6);
insert into carritocompras (id, consumidor, sucursal) values (5, 5, 5);
insert into carritocompras (id, consumidor, sucursal) values (6, 6, 9);
insert into carritocompras (id, consumidor, sucursal) values (7, 7, 13);
insert into carritocompras (id, consumidor, sucursal) values (8, 8, 16);
insert into carritocompras (id, consumidor, sucursal) values (9, 9, 16);
insert into carritocompras (id, consumidor, sucursal) values (10, 10, 10);
insert into carritocompras (id, consumidor, sucursal) values (11, 11, 11);
insert into carritocompras (id, consumidor, sucursal) values (12, 12, 6);
insert into carritocompras (id, consumidor, sucursal) values (13, 13, 13);
insert into carritocompras (id, consumidor, sucursal) values (14, 14, 1);
insert into carritocompras (id, consumidor, sucursal) values (15, 15, 4);
insert into carritocompras (id, consumidor, sucursal) values (16, 16, 14);
insert into carritocompras (id, consumidor, sucursal) values (17, 17, 11);
insert into carritocompras (id, consumidor, sucursal) values (18, 18, 18);
insert into carritocompras (id, consumidor, sucursal) values (19, 19, 4);
insert into carritocompras (id, consumidor, sucursal) values (20, 20, 10);
insert into carritocompras (id, consumidor, sucursal) values (21, 21, 20);
insert into carritocompras (id, consumidor, sucursal) values (22, 22, 8);
insert into carritocompras (id, consumidor, sucursal) values (23, 23, 16);
insert into carritocompras (id, consumidor, sucursal) values (24, 24, 10);
insert into carritocompras (id, consumidor, sucursal) values (25, 25, 1);
insert into carritocompras (id, consumidor, sucursal) values (26, 26, 1);
insert into carritocompras (id, consumidor, sucursal) values (27, 27, 17);
insert into carritocompras (id, consumidor, sucursal) values (28, 28, 6);
insert into carritocompras (id, consumidor, sucursal) values (29, 29, 10);
insert into carritocompras (id, consumidor, sucursal) values (30, 30, 2);
insert into carritocompras (id, consumidor, sucursal) values (31, 31, 18);
insert into carritocompras (id, consumidor, sucursal) values (32, 32, 4);
insert into carritocompras (id, consumidor, sucursal) values (33, 33, 9);
insert into carritocompras (id, consumidor, sucursal) values (34, 34, 13);
insert into carritocompras (id, consumidor, sucursal) values (35, 35, 6);
insert into carritocompras (id, consumidor, sucursal) values (36, 36, 9);
insert into carritocompras (id, consumidor, sucursal) values (37, 37, 15);
insert into carritocompras (id, consumidor, sucursal) values (38, 38, 7);
insert into carritocompras (id, consumidor, sucursal) values (39, 39, 2);
insert into carritocompras (id, consumidor, sucursal) values (40, 40, 17);

--NoPercedero
--Percedero
commit;
--ProductoCarritoCompra
insert into productocarritocompras (carritocompras,  producto, cantidadproducto, unidadMedida) values (1, 1, 16,'UNIDAD');
insert into productocarritocompras (carritocompras,  producto, cantidadproducto, unidadMedida) values (1, 3, 16,'UNIDAD');
insert into productocarritocompras (carritocompras,  producto, cantidadproducto, unidadMedida) values (1, 29, 16,'UNIDAD');
update bodega set cantidadproductos=(cantidadproductos-48) where id=19;

commit;
SELECT * FROM PRODUCTOOFRECIDO WHERE (proveedor = 5066433098);

insert into productocarritocompras (carritocompras,  producto, cantidadproducto, unidadMedida) values (2, 8, 16,'UNIDAD');
update bodega set cantidadproductos=(cantidadproductos-16) where id=8;


--ProductoVenta
insert into productoventa (venta, producto, cantidadproducto, unidadmedida) values (1, 22, 31, 'LITRO');
insert into productoventa (venta, producto, cantidadproducto, unidadmedida) values (2, 24, 71, 'UNIDAD');
insert into productoventa (venta, producto, cantidadproducto, unidadmedida) values (3, 38, 23, 'LITRO');
insert into productoventa (venta, producto, cantidadproducto, unidadmedida) values (4, 4, 84, 'UNIDAD');
insert into productoventa (venta, producto, cantidadproducto, unidadmedida) values (5, 3, 28, 'LB');
insert into productoventa (venta, producto, cantidadproducto, unidadmedida) values (6, 22, 28, 'GR');
insert into productoventa (venta, producto, cantidadproducto, unidadmedida) values (7, 27, 62, 'LB');
insert into productoventa (venta, producto, cantidadproducto, unidadmedida) values (8, 6, 17, 'LB');
insert into productoventa (venta, producto, cantidadproducto, unidadmedida) values (9, 12, 25, 'UNIDAD');
insert into productoventa (venta, producto, cantidadproducto, unidadmedida) values (10, 12, 24, 'LB');
insert into productoventa (venta, producto, cantidadproducto, unidadmedida) values (11, 9, 44, 'LITRO');
insert into productoventa (venta, producto, cantidadproducto, unidadmedida) values (12, 34, 46, 'UNIDAD');
insert into productoventa (venta, producto, cantidadproducto, unidadmedida) values (13, 32, 61, 'LITRO');
insert into productoventa (venta, producto, cantidadproducto, unidadmedida) values (14, 32, 65, 'LITRO');

--Promocion
insert into promocion (id, nombre, descripcion, tipo, fechainicio, fechafinalizacion, estado, cantidadP) values (1, 'Alpha', 'ac nibh fusce lacus purus aliquet at', 'PROMODESCUENTO', '21/4/2018', '6/7/2018', 'VIGENTE', 39);
insert into promocion (id, nombre, descripcion, tipo, fechainicio, fechafinalizacion, estado, cantidadP) values (2, 'Keylex', 'sapien iaculis congue vivamus metus arcu', 'PROMOPARTEDESCUENTO', '25/10/2018', '24/10/2018', 'VIGENTE', 1);
insert into promocion (id, nombre, descripcion, tipo, fechainicio, fechafinalizacion, estado, cantidadP) values (3, 'Opela', 'orci nullam molestie nibh in lectus pellentesque', 'PROMOUNIDAD', '13/10/2018', '8/3/2018', 'VIGENTE', 24);
insert into promocion (id, nombre, descripcion, tipo, fechainicio, fechafinalizacion, estado, cantidadP) values (4, 'Home Ing', 'libero nullam sit amet turpis elementum ligula vehicula consequat', 'PROMOCANTIDAD', '15/8/2018', '5/6/2018', 'VIGENTE', 74);
--PromocionCantidad
insert into promocioncantidad(idpromocion, cvendidas, cpagadas) values (4, 13, 10);

--PromocionDescuento
insert into promociondescuento (idpromocion, descuento) values (1,  39);

--PromocionParteDescuento
insert into promocionpartedescuento (idpromocion, uvendidas, descuento) values (2, 3, 10);

--Promocionproducto
--PromocionUnidad
insert into promocionunidad (idpromocion, uvendidas, upagadas) values (3, 3, 2);

--Proveedores
insert into proveedores (nit, nombre) values (5446367205, 'Mycat');
insert into proveedores (nit, nombre) values (5054179552, 'Flipopia');
insert into proveedores (nit, nombre) values (8915320496, 'Zoomzone');
insert into proveedores (nit, nombre) values (8392008635, 'Meeveo');
insert into proveedores (nit, nombre) values (1157126197, 'Jamia');
insert into proveedores (nit, nombre) values (1722586269, 'Geba');
insert into proveedores (nit, nombre) values (2936295082, 'Plambee');
insert into proveedores (nit, nombre) values (1592172073, 'Fivespan');
insert into proveedores (nit, nombre) values (6060781406, 'Centizu');
insert into proveedores (nit, nombre) values (9038052883, 'Yambee');
insert into proveedores (nit, nombre) values (8710157730, 'BlogXS');
insert into proveedores (nit, nombre) values (8441694011, 'Twitterworks');
insert into proveedores (nit, nombre) values (7248933646, 'Voonte');
insert into proveedores (nit, nombre) values (5683046388, 'Gabcube');
insert into proveedores (nit, nombre) values (7744589057, 'Avaveo');
insert into proveedores (nit, nombre) values (4338862641, 'Janyx');
insert into proveedores (nit, nombre) values (5743314261, 'Katz');
insert into proveedores (nit, nombre) values (8796889313, 'Skalith');
insert into proveedores (nit, nombre) values (2782396697, 'Feedmix');
insert into proveedores (nit, nombre) values (5953893855, 'Tagcat');
insert into proveedores (nit, nombre) values (4234695643, 'Thoughtstorm');
insert into proveedores (nit, nombre) values (6036574516, 'Voonix');
insert into proveedores (nit, nombre) values (4644557633, 'Roomm');
insert into proveedores (nit, nombre) values (7333708008, 'Oyonder');
insert into proveedores (nit, nombre) values (7308624867, 'Dynabox');
insert into proveedores (nit, nombre) values (2873618139, 'Demizz');
insert into proveedores (nit, nombre) values (7894618740, 'Tagchat');
insert into proveedores (nit, nombre) values (7200084562, 'Zoomdog');
insert into proveedores (nit, nombre) values (8428859507, 'Buzzbean');
insert into proveedores (nit, nombre) values (5066433098, 'Divape');


--ProductoOfrecido
insert into productoofrecido (id, precioproveedor, calificaciontotal, calidad, cumplimiento, productoId, proveedor) values (1, 594, 8, 'vestibulum sit amet cursus id turpis', 'ante vel ipsum praesent blandit lacinia erat vestibulum sed', 22, 5446367205);
insert into productoofrecido (id, precioproveedor, calificaciontotal, calidad, cumplimiento, productoId, proveedor) values (2, 340483, 0, 'justo eu massa donec', 'at nibh in hac habitasse platea dictumst', 34, 7200084562);
insert into productoofrecido (id, precioproveedor, calificaciontotal, calidad, cumplimiento, productoId, proveedor) values (3, 50580, 7, 'magnis dis parturient montes nascetur ridiculus mus', 'aliquam augue quam', 30, 7200084562);
insert into productoofrecido (id, precioproveedor, calificaciontotal, calidad, cumplimiento, productoId, proveedor) values (4, 425620, 5, 'in purus', 'augue quam', 20, 5066433098);
insert into productoofrecido (id, precioproveedor, calificaciontotal, calidad, cumplimiento, productoId, proveedor) values (5, 46718, 9, 'nulla ac enim', 'duis bibendum morbi non quam nec dui luctus rutrum', 17,5446367205);
insert into productoofrecido (id, precioproveedor, calificaciontotal, calidad, cumplimiento, productoId, proveedor) values (6, 455980, 6, 'sem praesent id massa id nisl venenatis lacinia aenean', 'bibendum felis sed interdum venenatis turpis enim blandit', 22, 5446367205);
insert into productoofrecido (id, precioproveedor, calificaciontotal, calidad, cumplimiento, productoId, proveedor) values (7, 15364, 0, 'duis ac nibh fusce lacus purus aliquet at', 'sed tincidunt eu', 40, 5446367205);
insert into productoofrecido (id, precioproveedor, calificaciontotal, calidad, cumplimiento, productoId, proveedor) values (8, 385393, 10, 'habitasse platea dictumst etiam faucibus cursus urna ut tellus', 'libero quis orci nullam molestie nibh in lectus pellentesque', 24, 5446367205);
insert into productoofrecido (id, precioproveedor, calificaciontotal, calidad, cumplimiento, productoId, proveedor) values (9, 399583, 0, 'quis libero nullam sit', 'in porttitor pede justo', 30, 5446367205);
insert into productoofrecido (id, precioproveedor, calificaciontotal, calidad, cumplimiento, productoId, proveedor) values (10, 443070, 0, 'id ornare imperdiet', 'purus eu magna vulputate luctus', 11, 5066433098);
insert into productoofrecido (id, precioproveedor, calificaciontotal, calidad, cumplimiento, productoId, proveedor) values (11, 79367, 10, 'sed ante vivamus tortor', 'at velit vivamus vel', 12, 8428859507);
insert into productoofrecido (id, precioproveedor, calificaciontotal, calidad, cumplimiento, productoId, proveedor) values (12, 259972, 9, 'vivamus vel nulla', 'lacinia sapien quis libero nullam sit amet turpis elementum', 5, 8428859507);
insert into productoofrecido (id, precioproveedor, calificaciontotal, calidad, cumplimiento, productoId, proveedor) values (13, 292488, 6, 'fermentum justo nec condimentum neque sapien', 'rutrum rutrum neque aenean auctor', 1, 8428859507);
insert into productoofrecido (id, precioproveedor, calificaciontotal, calidad, cumplimiento, productoId, proveedor) values (14, 463298, 4, 'potenti nullam', 'magna at nunc commodo placerat praesent blandit', 8, 5066433098);
insert into productoofrecido (id, precioproveedor, calificaciontotal, calidad, cumplimiento, productoId, proveedor) values (15, 211067, 1, 'pede malesuada in imperdiet et commodo vulputate justo in', 'ut ultrices vel augue vestibulum ante ipsum primis in', 8, 8428859507);
insert into productoofrecido (id, precioproveedor, calificaciontotal, calidad, cumplimiento, productoId, proveedor) values (16, 194187, 0, 'ac diam cras pellentesque volutpat dui maecenas tristique', 'adipiscing molestie hendrerit', 1, 8428859507);
insert into productoofrecido (id, precioproveedor, calificaciontotal, calidad, cumplimiento, productoId, proveedor) values (17, 375464, 9, 'turpis eget elit', 'sapien iaculis congue vivamus metus arcu adipiscing molestie', 26, 4234695643);
insert into productoofrecido (id, precioproveedor, calificaciontotal, calidad, cumplimiento, productoId, proveedor) values (18, 393277, 4, 'id nisl venenatis', 'augue vestibulum rutrum rutrum neque aenean auctor', 11, 4234695643);
insert into productoofrecido (id, precioproveedor, calificaciontotal, calidad, cumplimiento, productoId, proveedor) values (19, 276267, 5, 'suscipit a feugiat', 'eros suspendisse accumsan tortor quis turpis sed', 37, 4234695643);
insert into productoofrecido (id, precioproveedor, calificaciontotal, calidad, cumplimiento, productoId, proveedor) values (20, 464867, 6, 'et magnis dis parturient montes nascetur ridiculus mus', 'proin at turpis a pede posuere nonummy integer non', 39, 5066433098);


--OrdenPedido
insert into ordenpedido (id, estado, calificacion, fecha, fechaentrega, proveedor, productoofrecido, cantidadproducto, unidadmedida, sucursal) values (1, 'ENTREGADO', 6, '4/10/2018', '6/7/2018', 5066433098, 1, 25, 'LITRO', 8);
insert into ordenpedido (id, estado, calificacion, fecha, fechaentrega, proveedor, productoofrecido, cantidadproducto, unidadmedida, sucursal) values (2, 'FINALIZADO', 3, '31/5/2018', '17/7/2018', 5066433098, 7, 50, 'LB', 16);
insert into ordenpedido (id, estado, calificacion, fecha, fechaentrega, proveedor, productoofrecido, cantidadproducto, unidadmedida, sucursal) values (3, 'FINALIZADO', 10, '30/9/2018', '26/8/2018', 5066433098, 11, 32, 'LB', 3);
insert into ordenpedido (id, estado, calificacion, fecha, fechaentrega, proveedor, productoofrecido, cantidadproducto, unidadmedida, sucursal) values (4, 'ENTREGADO', 7, '16/8/2018', '19/7/2018', 5066433098, 12, 50, 'UNIDAD', 10);
insert into ordenpedido (id, estado, calificacion, fecha, fechaentrega, proveedor, productoofrecido, cantidadproducto, unidadmedida, sucursal) values (5, 'FINALIZADO', 4, '22/2/2018', '26/7/2018', 4234695643, 4, 32, 'LITRO', 9);
insert into ordenpedido (id, estado, calificacion, fecha, fechaentrega, proveedor, productoofrecido, cantidadproducto, unidadmedida, sucursal) values (6, 'ENTREGADO', 2, '30/9/2018', '11/5/2018', 4234695643, 19, 10, 'GR', 20);
insert into ordenpedido (id, estado, calificacion, fecha, fechaentrega, proveedor, productoofrecido, cantidadproducto, unidadmedida, sucursal) values (7, 'VIGENTE', 10, '7/8/2018', '30/4/2018', 4234695643, 13, 40, 'GR', 11);
insert into ordenpedido (id, estado, calificacion, fecha, fechaentrega, proveedor, productoofrecido, cantidadproducto, unidadmedida, sucursal) values (8, 'FINALIZADO', 5, '7/2/2018', '3/8/2018', 8428859507, 12, 17, 'LITRO', 3);
insert into ordenpedido (id, estado, calificacion, fecha, fechaentrega, proveedor, productoofrecido, cantidadproducto, unidadmedida, sucursal) values (9, 'ENTREGADO', 7, '8/10/2018', '7/8/2018', 8428859507, 9, 2, 'GR', 4);
insert into ordenpedido (id, estado, calificacion, fecha, fechaentrega, proveedor, productoofrecido, cantidadproducto, unidadmedida, sucursal) values (10, 'FINALIZADO', 2, '22/3/2018', '21/8/2018', 8428859507, 13, 19, 'LITRO', 15);
insert into ordenpedido (id, estado, calificacion, fecha, fechaentrega, proveedor, productoofrecido, cantidadproducto, unidadmedida, sucursal) values (11, 'FINALIZADO', 4, '17/10/2018', '28/10/2018', 8428859507, 17, 16, 'UNIDAD', 20);
insert into ordenpedido (id, estado, calificacion, fecha, fechaentrega, proveedor, productoofrecido, cantidadproducto, unidadmedida, sucursal) values (12, 'FINALIZADO', 2, '22/6/2018', '21/8/2018', 8428859507, 13, 9, 'LB', 10);
insert into ordenpedido (id, estado, calificacion, fecha, fechaentrega, proveedor, productoofrecido, cantidadproducto, unidadmedida, sucursal) values (13, 'VIGENTE', 4, '5/6/2018', '16/8/2018', 8428859507, 12, 21, 'LB', 16);
insert into ordenpedido (id, estado, calificacion, fecha, fechaentrega, proveedor, productoofrecido, cantidadproducto, unidadmedida, sucursal) values (14, 'ENTREGADO', 7, '2/2/2018', '14/7/2018', 7200084562, 14, 6, 'UNIDAD', 18);
insert into ordenpedido (id, estado, calificacion, fecha, fechaentrega, proveedor, productoofrecido, cantidadproducto, unidadmedida, sucursal) values (15, 'FINALIZADO', 0, '8/8/2018', '8/9/2018', 7200084562, 8, 13, 'UNIDAD', 18);
insert into ordenpedido (id, estado, calificacion, fecha, fechaentrega, proveedor, productoofrecido, cantidadproducto, unidadmedida, sucursal) values (16, 'FINALIZADO', 0, '19/4/2018', '28/8/2018', 7200084562, 9, 15, 'UNIDAD', 6);
insert into ordenpedido (id, estado, calificacion, fecha, fechaentrega, proveedor, productoofrecido, cantidadproducto, unidadmedida, sucursal) values (17, 'ENTREGADO', 6, '29/8/2018', '1/5/2018', 7200084562, 8, 19, 'UNIDAD', 11);
insert into ordenpedido (id, estado, calificacion, fecha, fechaentrega, proveedor, productoofrecido, cantidadproducto, unidadmedida, sucursal) values (18, 'FINALIZADO', 0, '9/10/2018', '3/9/2018', 7200084562, 19, 37, 'UNIDAD', 8);
insert into ordenpedido (id, estado, calificacion, fecha, fechaentrega, proveedor, productoofrecido, cantidadproducto, unidadmedida, sucursal) values (19, 'FINALIZADO', 2, '25/7/2018', '24/10/2018', 7200084562, 16, 6, 'GR', 16);
insert into ordenpedido (id, estado, calificacion, fecha, fechaentrega, proveedor, productoofrecido, cantidadproducto, unidadmedida, sucursal) values (20, 'FINALIZADO', 2, '6/3/2018', '1/9/2018', 7200084562, 10, 39, 'UNIDAD', 4);

commit;
